"Name","PA","AB","H","2B","3B","HR","R","RBI","BB","SO","HBP","SB","CS","AVG","OBP","SLG","OPS","wOBA","BsR","Fld","WAR","playerid"
"Miguel Cabrera","232","201","65","13","0","12","35","39","27","35","1","1","1",".321",".403",".569",".972",".415","-0.7","-0.5","2.1","1744"
"Troy Tulowitzki","201","176","54","11","1","10","29","32","22","31","2","1","1",".307",".388",".541",".929",".402","-0.2","1.1","2.0","3531"
"Mike Trout","229","195","59","11","2","10","37","31","29","48","3","8","3",".301",".395",".528",".924",".401","1.0","0.3","2.8","10155"
"Joey Votto","132","107","31","7","0","5","18","16","23","25","1","1","1",".288",".413",".485",".898",".391","-0.4","1.0","1.1","4314"
"Giancarlo Stanton","215","184","50","11","0","13","31","33","27","54","2","2","1",".273",".370",".545",".914",".391","-0.8","0.7","1.8","4949"
"Jose Bautista","209","174","46","9","0","11","31","32","31","33","2","2","1",".267",".381",".517",".898",".389","0.0","-0.5","1.6","1887"
"Andrew McCutchen","217","186","56","12","2","8","30","29","27","38","2","6","3",".299",".390",".504",".894",".388","0.5","-1.6","2.0","9847"
"Jose Abreu","199","178","50","9","0","14","29","35","16","45","3","1","1",".277",".345",".562",".908",".388","-0.2","0.3","1.5","15676"
"Paul Goldschmidt","215","184","52","13","1","10","30","30","27","47","1","4","2",".284",".376",".516",".892",".384","0.2","1.2","1.6","9218"
"Edwin Encarnacion","147","127","34","7","0","8","21","24","18","20","1","1","1",".269",".361",".521",".882",".381","-0.1","-0.9","0.9","2151"
"Yasiel Puig","214","188","56","11","2","8","30","27","20","42","3","5","4",".298",".373",".503",".876",".381","-0.4","-0.8","1.6","14225"
"Ryan Braun","171","153","44","9","2","7","24","23","15","32","2","5","2",".290",".355",".510",".865",".373","0.3","-0.9","1.1","3410"
"David Ortiz","201","174","48","11","0","9","28","31","25","31","1","0","0",".279",".369",".508",".878",".373","-1.7","0.0","0.9","745"
"Carlos Gonzalez","188","169","48","9","1","9","26","28","16","43","1","4","2",".283",".347",".512",".858",".371","0.5","0.1","1.0","7287"
"Freddie Freeman","214","187","53","10","1","8","28","28","23","41","2","1","0",".283",".366",".480",".846",".369","-0.3","0.2","1.2","5361"
"Anthony Rizzo","220","191","51","11","1","10","29","30","24","39","3","2","1",".268",".355",".493",".848",".369","-0.5","2.2","1.4","3473"
"Adrian Beltre","207","191","57","11","0","9","27","32","13","26","2","0","0",".299",".347",".500",".847",".367","-0.4","2.0","1.7","639"
"Matt Holliday","209","180","51","11","0","7","27","26","23","35","3","1","1",".283",".372",".461",".833",".366","-0.2","-1.4","1.2","1873"
"Justin Morneau","186","168","49","10","1","7","24","27","14","28","2","0","0",".291",".351",".489",".840",".365","-0.7","0.3","0.6","1737"
"Buster Posey","204","180","53","11","0","7","25","26","20","25","2","1","0",".296",".369",".468",".837",".365","-0.7","1.5","2.0","9166"
"Robinson Cano","218","196","59","14","1","6","28","29","19","28","2","2","1",".302",".366",".475",".841",".363","-0.1","0.6","1.8","3269"
"Bryce Harper","193","168","46","9","2","7","25","24","21","38","1","4","2",".272",".356",".473",".829",".362","-0.1","1.4","1.3","11579"
"Michael Cuddyer","47","43","12","3","0","2","6","6","4","8","0","1","0",".290",".350",".481",".830",".362","0.0","-0.5","0.1","1534"
"Albert Pujols","206","185","52","11","0","10","28","31","18","23","2","2","1",".281",".346",".497",".844",".362","-0.8","1.3","1.3","1177"
"Jayson Werth","218","190","53","11","0","7","28","27","24","43","2","2","1",".280",".365",".453",".818",".360","0.1","-2.0","1.1","1327"
"Justin Upton","209","182","49","10","1","8","26","28","22","49","3","3","2",".271",".354",".468",".822",".360","0.5","-0.5","1.2","5222"
"Allen Craig","81","74","22","5","0","3","10","11","6","15","1","0","0",".295",".349",".473",".822",".360","-0.3","-0.1","0.4","3433"
"Shin-Soo Choo","224","187","50","11","1","6","31","22","29","47","5","4","2",".270",".380",".427",".807",".359","0.1","-1.1","1.0","3174"
"Mike Napoli","185","157","40","9","0","8","24","26","24","52","2","1","1",".253",".354",".463",".818",".359","-0.3","1.3","1.0","3057"
"Corey Dickerson","187","171","49","10","3","7","25","25","13","35","1","4","3",".285",".338",".486",".824",".357","-0.1","0.4","0.8","10762"
"Jason Heyward","212","183","49","10","1","7","28","24","24","35","2","4","2",".267",".357",".453",".810",".357","0.5","5.3","1.8","4940"
"Adrian Gonzalez","212","191","55","11","0","8","26","29","18","35","1","1","0",".287",".350",".474",".824",".357","-1.1","3.0","1.3","1908"
"Chris Davis","212","186","47","9","0","12","28","32","21","65","3","1","1",".252",".333",".493",".826",".357","-0.1","0.2","1.0","9272"
"Yoenis Cespedes","188","172","48","10","1","8","25","29","13","38","2","2","1",".276",".329",".492",".821",".356","0.1","0.8","1.2","13110"
"Victor Martinez","223","201","60","12","0","7","28","31","19","20","1","1","1",".299",".358",".464",".821",".355","-1.3","-0.2","0.7","393"
"Ryan Zimmerman","29","26","7","2","0","1","4","4","3","5","0","0","0",".279",".347",".460",".808",".353","0.0","0.0","0.2","4220"
"Carlos Santana","208","173","42","10","0","7","26","26","32","39","1","1","1",".245",".363",".434",".797",".353","-0.6","-0.2","1.1","2396"
"Carlos Beltran","203","183","50","10","1","9","26","29","17","35","1","1","1",".275",".337",".475",".812",".353","-0.6","-0.2","0.7","589"
"Evan Longoria","214","187","49","11","1","9","27","30","22","44","2","1","1",".262",".344",".467",".811",".352","0.1","3.7","2.0","9368"
"David Wright","216","191","53","11","1","6","26","26","22","38","2","4","2",".280",".357",".448",".805",".351","0.0","0.1","1.5","3787"
"Hanley Ramirez","152","135","37","8","0","5","19","19","14","26","1","4","2",".274",".347",".452",".799",".351","0.2","-2.5","0.9","8001"
"Matt Carpenter","221","191","54","12","1","4","28","18","25","35","2","2","1",".282",".369",".413",".783",".349","0.2","0.5","1.5","8090"
"Matt Kemp","190","169","46","9","1","7","23","25","17","47","1","4","2",".274",".342",".459",".801",".349","0.0","-2.3","0.9","5631"
"Billy Butler","198","175","50","11","0","5","23","25","19","31","1","0","0",".286",".358",".440",".797",".349","-1.3","-0.2","0.6","7399"
"Mark Teixeira","215","185","45","9","0","10","28","31","25","41","3","1","1",".241",".337",".458",".794",".348","-0.8","2.2","1.0","1281"
"Josh Donaldson","215","190","50","10","1","8","27","29","21","38","2","2","1",".262",".338",".455",".793",".348","0.0","3.2","1.8","5038"
"Nelson Cruz","217","196","51","10","0","11","28","32","17","47","2","2","1",".258",".321",".481",".802",".348","-0.6","-0.4","0.8","2434"
"Joe Mauer","149","129","38","8","0","3","18","15","17","25","1","1","1",".291",".374",".415",".789",".347","0.1","0.2","0.6","1857"
"Pablo Sandoval","211","191","54","11","1","7","24","27","17","30","1","0","0",".283",".341",".457",".798",".347","-0.5","0.4","1.5","5409"
"Adam LaRoche","218","189","49","10","1","8","26","29","26","45","1","1","0",".258",".347",".446",".792",".347","-1.1","0.5","0.8","1904"
"Adam Jones","218","204","57","10","1","9","27","32","9","40","3","3","2",".280",".317",".477",".794",".346","0.7","-1.8","1.2","6368"
"Adam Lind","77","69","19","4","0","3","10","11","7","15","0","0","0",".269",".333",".458",".791",".345","-0.2","0.0","0.3","8027"
"Neil Walker","170","151","41","9","1","5","20","20","14","27","3","1","1",".275",".344",".440",".784",".345","0.1","-1.5","0.9","7539"
"Alex Gordon","205","182","50","11","1","5","25","24","19","39","2","3","2",".276",".349",".435",".784",".345","0.5","4.2","1.5","5209"
"Melky Cabrera","201","184","54","11","1","5","27","23","14","25","1","2","1",".293",".342",".445",".787",".345","-0.2","-2.1","0.6","4022"
"Aramis Ramirez","160","145","39","8","0","6","19","22","11","24","3","1","1",".270",".331",".455",".785",".344","-1.2","-1.1","0.6","1002"
"Torii Hunter","202","187","54","10","1","6","25","25","11","35","2","2","1",".288",".333",".451",".784",".344","-0.2","-1.0","0.7","731"
"Ben Zobrist","219","189","50","11","1","5","28","23","26","31","1","4","2",".266",".356",".420",".776",".344","0.2","1.8","1.7","7435"
"Brandon Moss","200","177","44","9","1","9","25","29","18","50","2","1","1",".248",".324",".465",".789",".344","-0.4","-0.8","0.8","4467"
"Ike Davis","135","116","29","6","0","5","16","17","18","28","1","1","1",".247",".347",".430",".777",".343","-0.2","0.4","0.6","8433"
"Wilin Rosario","167","156","43","8","0","8","20","25","8","34","1","1","1",".273",".309",".480",".790",".343","-0.1","-0.9","0.8","8002"
"Kole Calhoun","212","191","52","10","2","7","29","23","17","37","1","4","2",".273",".333",".445",".778",".342","0.1","-0.3","1.1","11200"
"Steve Pearce","201","177","46","10","0","7","26","23","19","40","2","2","1",".262",".340",".436",".776",".342","-0.1","0.6","0.9","9957"
"Matt Adams","207","193","54","10","1","9","24","29","11","43","1","1","1",".277",".315",".473",".787",".342","-0.3","0.8","0.9","9393"
"Jonathan Lucroy","150","135","38","8","1","4","17","18","12","19","1","2","1",".278",".340",".436",".776",".341","-0.4","0.1","1.0","7870"
"Dustin Pedroia","220","195","56","13","0","4","28","24","21","24","1","4","2",".285",".355",".414",".770",".341","-0.2","3.5","1.6","8370"
"Seth Smith","173","151","39","9","1","5","20","19","18","35","2","1","0",".258",".342",".435",".777",".341","0.0","-0.5","0.8","7331"
"Hunter Pence","222","201","55","10","2","7","28","25","17","39","1","4","2",".274",".333",".444",".777",".341","0.5","0.0","1.2","8252"
"Kyle Seager","209","187","50","11","1","6","25","26","17","37","2","3","2",".270",".336",".438",".773",".341","-0.1","0.4","1.3","9785"
"Anthony Rendon","226","202","55","12","2","6","29","23","19","37","2","3","2",".272",".340",".433",".773",".340","0.4","0.0","1.3","12861"
"George Springer","189","165","40","6","1","9","24","25","19","57","2","5","3",".241",".326",".449",".774",".340","0.0","-1.0","0.8","12856"
"J.D. Martinez","186","171","47","10","1","6","22","25","11","41","1","2","1",".274",".321",".455",".776",".340","-0.4","-1.1","0.6","6184"
"Josh Rutledge","77","71","20","4","1","2","9","9","4","15","1","2","1",".286",".332",".440",".772",".339","0.1","-0.5","0.2","11167"
"Josh Willingham","190","160","37","7","0","7","23","23","24","51","4","1","0",".228",".341",".421",".761",".338","-0.5","-2.3","0.5","2103"
"Evan Gattis","146","134","34","7","0","7","17","21","9","30","2","0","0",".257",".309",".471",".780",".338","-0.1","0.0","1.0","11003"
"Eric Hosmer","212","192","54","11","0","6","25","25","17","32","1","3","1",".280",".339",".431",".770",".338","-0.2","-0.3","0.7","3516"
"Chris Carter","174","152","34","7","0","9","21","24","19","55","1","1","0",".226",".315",".453",".768",".337","-0.4","-0.1","0.4","9911"
"Chase Headley","193","169","44","9","0","6","23","23","20","43","2","3","1",".262",".343",".420",".763",".337","-0.3","1.9","1.2","4720"
"Jay Bruce","192","169","41","9","1","9","23","26","20","49","1","3","2",".244",".324",".456",".779",".337","-0.2","0.6","0.7","9892"
"Derek Norris","96","83","20","4","0","3","11","11","11","19","1","1","1",".246",".339",".419",".758",".337","-0.1","-0.2","0.7","6867"
"Pedro Alvarez","168","149","36","7","1","8","19","23","16","45","1","1","1",".245",".321",".454",".774",".337","-0.3","-1.7","0.7","2495"
"Brian McCann","174","155","40","7","0","7","21","24","15","26","1","0","0",".256",".325",".445",".771",".336","-0.8","0.6","1.0","4810"
"Kyle Parker","27","24","7","1","0","1","3","3","2","5","0","0","0",".274",".320",".446",".766",".336","0.0","0.0","0.0","11763"
"Mark Trumbo","131","120","30","6","0","7","16","19","9","33","1","1","1",".249",".304",".472",".776",".336","-0.1","-0.7","0.4","6876"
"Matt Joyce","186","161","40","9","1","6","22","22","22","38","1","2","1",".247",".340",".420",".760",".336","0.2","-0.3","0.8","3353"
"Brett Lawrie","119","108","29","6","1","4","14","15","8","19","2","2","1",".266",".324",".438",".763",".336","0.1","0.7","0.7","5247"
"Lucas Duda","190","163","39","8","0","7","21","23","22","44","2","1","1",".240",".337",".421",".758",".335","-0.5","0.0","0.6","2502"
"Mark Reynolds","151","129","29","6","0","7","17","20","18","45","2","1","1",".221",".321",".438",".759",".335","-0.2","-0.8","0.4","7619"
"Khris Davis","110","99","25","5","0","4","12","14","8","25","2","1","1",".250",".315",".446",".761",".334","-0.2","-0.2","0.3","9112"
"Jose Reyes","218","198","56","12","2","4","30","20","16","22","1","8","3",".284",".339",".422",".761",".334","0.6","-1.9","1.1","1736"
"Yadier Molina","54","49","14","3","0","1","6","6","4","6","0","0","0",".287",".339",".423",".761",".334","-0.2","1.1","0.5","7007"
"Chase Utley","212","188","49","10","1","6","24","24","19","29","4","3","1",".264",".339",".422",".761",".334","0.5","2.2","1.4","1679"
"Nolan Arenado","183","171","48","11","1","5","21","23","9","23","1","1","1",".282",".319",".444",".763",".333","-0.1","3.3","0.9","9777"
"Andre Ethier","79","70","19","4","1","2","9","9","7","15","1","1","0",".267",".340",".421",".762",".333","-0.1","-1.3","0.2","6265"
"Jesus Montero","7","6","2","0","0","0","1","1","0","1","0","0","0",".266",".318",".445",".764",".333","0.0","0.0","0.0","5514"
"Wilson Ramos","160","146","40","7","0","5","17","20","11","23","1","0","0",".274",".325",".436",".761",".333","-0.2","0.8","1.1","1433"
"Michael Brantley","201","182","51","10","1","4","23","22","16","21","1","4","2",".283",".342",".412",".754",".333","0.4","-1.7","0.8","4106"
"Carlos Gomez","213","193","50","10","2","7","26","24","13","49","3","9","3",".260",".317",".442",".759",".333","0.7","3.1","1.4","4881"
"Charlie Blackmon","207","189","53","11","1","5","27","20","12","31","2","7","3",".281",".330",".427",".757",".333","0.3","-1.8","0.3","7859"
"Nick Markakis","228","204","57","11","1","4","29","21","20","25","2","2","1",".280",".346",".406",".752",".333","-0.2","-1.3","0.6","5930"
"Mike Carp","22","20","5","1","0","1","3","3","2","5","0","0","0",".257",".325",".427",".753",".332","0.0","0.0","0.1","7480"
"Shane Victorino","169","153","42","9","1","4","22","19","11","24","3","5","2",".273",".329",".424",".753",".332","0.4","2.8","0.9","1677"
"Coco Crisp","196","172","45","9","1","5","26","19","20","24","1","8","3",".262",".339",".409",".748",".332","0.8","-1.5","1.0","1572"
"Jacoby Ellsbury","224","202","56","10","1","5","29","24","18","33","2","12","4",".276",".337",".415",".752",".332","1.2","0.7","1.3","4727"
"Michael McKenry","30","28","7","2","0","1","3","4","2","6","0","0","0",".265",".325",".427",".753",".332","-0.1","-0.3","0.1","9628"
"Kendrys Morales","180","165","44","9","0","6","21","24","12","34","1","0","0",".266",".319",".439",".758",".331","-1.0","0.0","0.3","8610"
"Adam Dunn","183","154","33","6","0","9","22","23","26","57","1","1","0",".212",".327",".422",".749",".331","-1.0","-0.7","0.2","319"
"Ian Kinsler","229","205","55","12","1","6","30","24","17","24","3","6","2",".266",".329",".420",".749",".331","0.9","0.8","1.3","6195"
"Todd Frazier","181","162","40","8","1","7","21","21","14","39","2","4","2",".249",".317",".435",".752",".330","0.3","0.7","0.9","785"
"Carlos Quentin","171","149","35","8","0","6","19","20","16","31","5","0","0",".236",".326",".418",".743",".330","-0.4","-2.9","0.3","6274"
"Mookie Betts","43","39","11","2","0","1","5","5","3","5","0","2","1",".277",".337",".407",".744",".330","0.0","-0.4","0.2","13611"
"Justin Ruggiano","207","185","48","10","1","7","24","23","17","51","1","5","3",".257",".322",".424",".747",".330","-0.3","0.0","0.7","7620"
"David Peralta","148","137","39","8","1","3","16","16","7","20","1","1","1",".285",".323",".428",".751",".329","-0.1","-0.5","0.4","2136"
"Corey Hart","111","100","26","5","0","4","13","14","8","25","1","1","0",".254",".317",".432",".749",".329","-0.1","-0.3","0.2","1945"
"Salvador Perez","157","147","42","8","0","4","17","20","7","17","1","0","0",".284",".320",".431",".752",".329","-0.2","1.6","1.1","7304"
"Norichika Aoki","183","163","47","8","1","2","23","15","14","16","3","6","3",".291",".353",".383",".736",".329","-0.2","0.7","0.7","13075"
"Adam Eaton","185","163","45","8","2","2","23","14","16","29","3","6","3",".276",".348",".388",".736",".329","0.3","-1.9","0.7","11205"
"Paul Konerko","67","60","15","3","0","2","8","8","6","11","1","0","0",".259",".330",".417",".746",".329","-0.6","-0.2","0.1","242"
"Kyle Blanks","11","10","2","1","0","0","1","1","1","3","0","0","0",".246",".317",".428",".745",".329","0.0","0.1","0.0","49"
"Miguel Montero","182","159","41","8","0","5","19","20","19","37","3","1","0",".256",".342",".402",".744",".329","-0.6","1.1","1.1","3364"
"Dexter Fowler","179","152","37","8","2","3","22","15","23","40","1","4","2",".247",".350",".382",".732",".329","0.7","-3.5","0.6","4062"
"Lonnie Chisenhall","180","163","43","9","1","6","20","22","12","32","2","1","1",".262",".318",".430",".747",".329","0.0","-1.6","0.6","7571"
"Daniel Nava","70","61","16","4","0","1","8","7","7","13","1","1","0",".264",".345",".390",".735",".328","0.0","-0.4","0.2","5450"
"Brett Gardner","226","198","52","9","3","4","30","20","22","47","2","9","3",".261",".340",".396",".736",".328","1.1","3.8","1.3","9927"
"Jason Kipnis","206","181","47","10","1","5","25","21","21","39","1","7","3",".258",".337",".400",".736",".328","0.3","-1.4","0.9","9776"
"Josh Hamilton","201","182","46","9","1","7","24","27","16","52","1","2","1",".256",".320",".434",".754",".328","0.3","0.0","0.8","1875"
"Scott Van Slyke","99","86","20","4","0","3","11","11","11","24","1","1","1",".239",".328",".408",".736",".327","-0.2","-0.4","0.4","4365"
"Austin Jackson","205","182","49","10","2","3","25","19","18","46","1","4","2",".268",".337",".400",".736",".327","0.5","-0.3","0.9","9848"
"Wil Myers","69","62","16","3","0","2","8","8","6","16","0","1","1",".252",".323",".421",".744",".327","0.0","-0.1","0.3","10047"
"Christian Yelich","226","200","53","9","2","5","28","18","22","49","1","6","3",".263",".337",".401",".737",".327","0.5","1.1","0.9","11477"
"Logan Morrison","132","116","29","6","1","4","15","16","13","22","1","1","1",".249",".327",".415",".742",".327","-0.2","-0.6","0.3","9205"
"Drew Stubbs","93","83","22","4","0","3","11","10","8","26","1","4","1",".260",".325",".413",".738",".327","0.5","-0.2","0.3","9328"
"John Jaso","152","131","33","7","1","3","18","14","18","26","2","1","1",".250",".345",".381",".726",".326","-0.3","-0.5","0.6","5887"
"Angel Pagan","148","134","38","8","1","2","18","12","11","19","0","5","2",".281",".335",".405",".740",".326","0.7","-1.4","0.7","2918"
"Tyler Moore","14","12","3","1","0","1","2","2","1","3","0","0","0",".252",".309",".432",".741",".326","0.0","-0.1","0.0","7244"
"Starling Marte","151","137","37","7","2","3","18","15","8","37","3","8","4",".269",".323",".416",".739",".325","0.4","2.5","0.8","9241"
"Jose Altuve","220","203","60","12","1","3","27","19","12","23","1","12","6",".295",".337",".401",".738",".325","0.3","-1.9","0.9","5417"
"Carlos Ruiz","124","109","29","7","0","2","12","12","10","15","3","1","1",".267",".343",".392",".735",".325","-0.4","0.7","0.8","2579"
"Nick Swisher","196","171","41","9","0","6","23","22","22","46","1","0","0",".240",".328",".403",".731",".325","-0.4","-0.2","0.4","4599"
"Domonic Brown","137","124","32","6","1","4","14","16","11","24","1","2","1",".257",".317",".427",".744",".325","-0.1","-1.9","0.2","3154"
"Oswaldo Arcia","160","145","37","7","1","5","18","19","11","42","2","1","1",".252",".312",".426",".737",".325","0.1","-1.5","0.3","10306"
"David Freese","192","170","44","8","0","5","21","21","17","45","2","1","1",".261",".334",".394",".728",".325","-0.5","-2.2","0.7","9549"
"Michael Saunders","166","147","37","7","1","5","20","18","16","39","1","4","2",".248",".322",".413",".735",".325","0.3","1.2","0.8","9981"
"Michael Morse","207","190","49","10","0","8","22","27","12","50","2","0","0",".256",".308",".431",".739",".324","-1.2","-3.7","0.2","3035"
"Alex Rios","199","185","51","9","2","5","23","24","10","32","1","8","3",".277",".316",".427",".743",".324","0.5","-0.2","0.5","2090"
"Yonder Alonso","158","142","38","8","0","4","16","17","13","22","1","2","1",".267",".329",".409",".738",".324","-0.4","0.9","0.5","2530"
"Devin Mesoraco","118","107","26","6","0","5","13","15","9","23","1","1","1",".247",".310",".433",".744",".324","-0.3","0.0","0.6","5666"
"Colby Rasmus","162","145","34","7","1","7","19","21","14","45","1","1","1",".236",".304",".435",".739",".324","0.4","-0.7","0.6","9893"
"Will Middlebrooks","65","60","15","3","0","3","8","9","4","16","1","0","0",".253",".300",".441",".741",".324","0.0","-0.1","0.3","7002"
"Curtis Granderson","204","176","39","7","1","8","24","23","23","52","2","4","2",".224",".319",".410",".729",".324","0.3","0.0","0.7","4747"
"Travis Snider","63","56","14","3","0","2","7","7","5","14","0","1","0",".255",".320",".415",".735",".324","0.0","-0.2","0.2","2830"
"Yan Gomes","155","142","37","8","1","5","17","19","9","35","2","0","0",".260",".309",".428",".736",".323","-0.1","0.8","1.0","9627"
"Tommy La Stella","191","170","47","9","1","2","19","17","17","20","2","2","1",".279",".347",".377",".724",".323","-0.3","0.1","0.8","12371"
"Aaron Hill","210","192","50","11","1","6","24","24","13","32","2","2","1",".262",".315",".421",".736",".323","-0.2","-0.7","0.7","6104"
"Cody Ross","192","174","45","10","0","5","20","22","14","37","2","1","1",".260",".319",".415",".734",".323","-0.2","-0.3","0.5","1760"
"Ryan Howard","183","162","38","7","1","8","20","23","18","52","2","0","0",".236",".315",".429",".743",".323","-1.2","-1.0","0.1","2154"
"Garrett Jones","205","185","46","10","1","7","22","25","17","45","1","1","0",".248",".312",".423",".735",".323","-0.7","-1.3","0.2","2714"
"Ian Desmond","211","194","51","10","1","6","23","25","13","51","2","5","2",".262",".311",".423",".733",".322","0.4","-0.9","1.0","6885"
"Manny Machado","215","199","53","12","1","6","25","24","12","36","1","2","1",".267",".311",".422",".734",".322","-0.1","6.1","1.6","11493"
"A.J. Pollock","54","50","14","3","1","1","6","5","3","9","0","2","1",".273",".322",".408",".730",".322","0.0","0.8","0.3","9256"
"Michael Choice","79","70","18","3","0","2","9","8","6","17","1","1","0",".256",".323",".402",".725",".322","0.0","-0.4","0.1","11376"
"Martin Prado","202","184","51","10","1","4","23","22","14","21","1","2","1",".274",".326",".401",".728",".322","0.0","1.0","0.8","3312"
"Howie Kendrick","211","194","54","11","1","4","23","23","12","36","2","4","2",".279",".327",".405",".732",".322","-0.1","0.1","1.1","4229"
"Stephen Vogt","179","164","44","8","1","4","20","20","12","24","1","1","1",".269",".318",".413",".732",".322","-0.1","0.2","0.7","5000"
"Oscar Taveras","197","182","50","10","1","5","20","22","11","25","1","2","1",".275",".318",".416",".734",".321","0.0","-0.4","0.6","11173"
"David Murphy","164","147","38","8","0","4","18","18","14","23","1","2","1",".260",".325",".400",".725",".320","-0.1","-0.3","0.5","6035"
"Gaby Sanchez","89","78","19","4","0","2","9","10","9","16","1","1","0",".246",".328",".390",".718",".320","-0.1","0.3","0.3","3361"
"Daniel Murphy","219","203","57","13","1","4","25","20","13","29","1","4","2",".280",".324",".403",".727",".320","0.3","-2.5","0.7","4316"
"Denard Span","209","188","53","10","2","1","26","15","16","23","1","7","3",".280",".337",".380",".718",".320","0.6","0.4","0.9","8347"
"Dan Johnson","33","28","6","1","0","1","4","4","4","6","0","0","0",".222",".329",".386",".715",".320","-0.1","-0.1","0.0","2167"
"Jed Lowrie","191","170","44","11","1","4","21","20","17","27","1","0","0",".257",".327",".395",".722",".320","-0.3","-1.4","0.8","4418"
"Omar Infante","180","168","48","8","1","3","20","18","9","20","1","2","1",".287",".325",".400",".725",".320","0.0","0.3","0.8","1609"
"Mike Moustakas","168","153","38","9","0","6","19","20","12","28","1","1","1",".249",".306",".421",".727",".320","-0.2","1.5","0.8","4892"
"Yasmani Grandal","95","82","20","4","0","3","10","10","11","21","1","0","0",".237",".331",".386",".716",".319","-0.2","-0.8","0.4","11368"
"Alex Avila","137","118","27","6","0","4","15","14","17","39","1","1","0",".232",".331",".381",".713",".319","-0.5","0.6","0.8","7476"
"Carl Crawford","173","160","44","8","2","4","20","18","10","27","1","7","3",".272",".316",".410",".726",".319","0.7","1.4","0.8","1201"
"Delmon Young","46","43","11","2","0","1","5","5","2","9","0","0","0",".267",".306",".421",".727",".319","-0.1","-0.2","0.1","2140"
"Juan Francisco","138","125","29","6","1","6","16","18","10","45","1","1","0",".232",".294",".437",".731",".319","-0.1","-0.6","0.3","6978"
"Josmil Pinto","43","39","10","2","0","1","5","5","4","8","0","0","0",".249",".321",".397",".718",".319","0.0","-0.2","0.1","6806"
"Xander Bogaerts","205","185","47","10","1","5","23","22","16","44","2","2","1",".256",".319",".400",".720",".319","0.1","-2.2","0.6","12161"
"Jon Jay","181","162","45","8","1","2","18","16","13","30","4","3","2",".276",".340",".378",".718",".319","0.2","-1.0","0.6","5227"
"Nate Freiman","23","21","5","1","0","1","3","3","2","4","0","0","0",".254",".312",".408",".720",".318","0.0","0.1","0.1","6582"
"Kelly Johnson","22","19","5","1","0","1","3","2","2","5","0","0","0",".241",".319",".398",".717",".318","0.0","0.1","0.1","2234"
"Jonny Gomes","104","90","21","4","0","3","12","12","11","29","2","0","0",".229",".324",".386",".711",".318","0.0","-0.9","0.1","1845"
"Dayan Viciedo","162","149","38","6","1","6","18","20","10","33","1","0","0",".253",".302",".422",".724",".318","-0.2","-1.2","0.2","3917"
"Kevin Kouzmanoff","11","10","3","1","0","0","1","1","0","2","0","0","0",".269",".308",".417",".725",".318","0.0","0.0","0.0","5995"
"Conor Gillaspie","124","112","29","6","1","3","13","13","10","19","1","1","0",".262",".324",".394",".718",".317","-0.1","-0.8","0.4","9009"
"Josh Harrison","181","168","46","9","2","3","20","18","9","25","2","6","3",".273",".314",".407",".721",".317","0.4","-0.2","0.6","8202"
"C.J. Cron","146","136","36","7","0","5","16","18","6","27","2","1","1",".262",".298",".428",".726",".317","0.0","-0.4","0.2","12546"
"Brock Holt","197","179","50","10","2","1","24","16","14","31","1","4","3",".282",".335",".377",".712",".317","0.1","-1.6","0.4","9345"
"Ryan Lavarnway","10","9","2","1","0","0","1","1","1","2","0","0","0",".255",".319",".397",".716",".317","0.0","-0.1","0.0","8879"
"Starlin Castro","217","201","55","12","1","4","22","23","13","34","2","3","2",".272",".318",".403",".721",".317","-0.2","-1.4","0.7","4579"
"Jhonny Peralta","183","165","42","9","0","4","18","20","15","35","1","1","1",".254",".320",".395",".715",".316","-0.8","0.2","0.8","1738"
"Darin Ruf","84","75","18","4","0","3","8","9","7","21","1","0","0",".241",".313",".399",".713",".316","-0.1","0.0","0.2","9929"
"Josh Reddick","169","152","36","7","1","6","19","20","14","33","1","2","1",".237",".305",".415",".720",".316","0.2","3.5","0.9","3892"
"Jose Tabata","59","53","14","3","0","1","6","5","4","8","1","1","1",".272",".330",".378",".708",".316","0.0","-0.6","0.1","2411"
"Casey McGehee","210","189","50","10","1","4","20","22","19","34","1","1","0",".263",".330",".381",".711",".316","-0.5","-1.7","0.5","6086"
"Desmond Jennings","208","183","44","10","1","5","25","19","20","41","2","7","3",".243",".324",".383",".706",".316","1.1","-0.2","1.0","1965"
"David DeJesus","60","52","13","3","0","1","7","5","6","10","1","1","0",".247",".327",".379",".706",".316","0.0","0.2","0.1","1825"
"Travis d'Arnaud","133","120","30","6","0","4","13","15","10","23","1","1","0",".247",".308",".412",".721",".316","0.0","-0.6","0.7","7739"
"Rickie Weeks","67","58","14","3","0","2","7","7","6","16","1","1","1",".234",".320",".387",".706",".316","0.0","-1.0","0.1","1849"
"Chris Iannetta","91","76","17","3","0","2","10","9","13","23","1","1","0",".221",".335",".363",".698",".316","-0.2","0.0","0.5","8267"
"Luis Valbuena","204","178","43","10","1","5","21","20","22","38","1","1","1",".239",".325",".383",".708",".316","-0.1","0.4","0.7","4969"
"Nick Castellanos","186","171","45","10","1","4","19","20","12","37","1","1","1",".266",".315",".399",".714",".315","-0.2","-1.5","0.5","11737"
"Chris Colabello","92","84","21","4","0","3","10","11","7","24","1","0","0",".247",".308",".407",".715",".315","-0.1","-0.2","0.1","13051"
"Leonys Martin","188","171","45","8","2","3","21","19","13","38","2","9","5",".263",".318",".395",".713",".315","0.4","1.2","0.7","11846"
"Chris Johnson","186","174","48","10","0","4","18","21","9","44","1","1","0",".273",".312",".407",".719",".315","-0.3","-3.0","0.3","1191"
"Jedd Gyorko","182","167","41","8","0","7","19","22","12","39","1","1","1",".247",".300",".417",".717",".315","0.0","0.1","0.8","10816"
"Russell Martin","129","110","26","5","0","3","13","13","15","26","2","2","1",".234",".333",".365",".698",".315","-0.1","1.5","0.8","4616"
"Gerardo Parra","99","90","24","5","1","2","11","9","7","17","1","2","1",".267",".324",".393",".717",".315","-0.1","1.4","0.3","8553"
"Justin Smoak","27","24","6","1","0","1","3","3","3","6","0","0","0",".232",".315",".394",".709",".315","-0.1","0.0","0.0","9054"
"Andy Dirks","32","29","8","1","0","1","4","3","2","5","0","0","0",".262",".320",".391",".711",".315","0.0","0.0","0.1","6453"
"DJ LeMahieu","168","155","45","7","2","1","17","16","9","25","1","5","3",".291",".332",".384",".715",".315","0.0","1.1","0.4","9874"
"Dioner Navarro","111","101","26","5","0","3","12","13","8","15","1","0","0",".259",".315",".398",".713",".315","-0.6","-0.2","0.3","3179"
"Ryan Sweeney","163","148","39","9","1","3","16","16","12","25","1","1","1",".265",".321",".390",".711",".315","-0.1","-0.6","0.3","6352"
"Andrew Brown","3","3","1","0","0","0","0","0","0","1","0","0","0",".235",".302",".410",".713",".315","0.0","0.0","0.0","3837"
"Marlon Byrd","192","177","45","9","1","6","20","23","11","49","2","1","1",".253",".301",".418",".720",".315","-0.4","0.6","0.4","950"
"Will Venable","146","133","33","6","1","4","16","15","10","34","1","5","2",".248",".305",".414",".718",".315","0.4","-0.1","0.5","211"
"Ben Paulsen","16","14","4","1","0","0","2","2","1","4","0","0","0",".252",".306",".413",".719",".315","0.0","0.0","0.0","9741"
"Scooter Gennett","137","128","36","6","1","2","15","13","7","20","1","2","1",".280",".316",".400",".717",".314","0.0","0.4","0.5","10339"
"Grant Green","57","53","15","3","0","1","6","6","3","10","0","1","1",".275",".314",".399",".712",".314","0.0","-0.4","0.1","10053"
"Jon Singleton","197","171","38","7","0","7","22","22","23","56","1","1","1",".221",".316",".390",".706",".314","-0.1","-1.4","0.1","10441"
"Dustin Ackley","179","160","41","9","1","3","19","18","16","30","1","2","1",".259",".325",".381",".707",".314","0.2","1.1","0.5","10099"
"Chris Dickerson","76","67","17","3","0","2","8","8","7","21","1","2","1",".249",".322",".381",".703",".313","0.1","0.3","0.2","7095"
"Brian Dozier","226","201","49","10","1","6","27","22","19","41","2","6","3",".244",".316",".387",".703",".313","0.3","-0.1","0.8","9810"
"Ryan Wheeler","20","18","5","1","0","0","2","2","1","4","0","0","0",".266",".309",".402",".711",".313","0.0","0.0","0.0","9312"
"Bobby Abreu","73","63","16","3","0","1","7","7","9","14","0","1","0",".246",".338",".358",".696",".313","-0.2","-0.7","0.1","945"
"Scott Hairston","42","38","9","2","0","2","5","5","2","9","0","1","0",".244",".291",".423",".714",".313","-0.1","-0.3","0.1","1926"
"Alex Presley","31","28","8","1","0","1","3","3","2","5","0","1","0",".264",".314",".394",".708",".313","0.0","-0.1","0.1","5305"
"Ryan Ludwick","146","131","32","6","0","5","15","16","12","33","1","0","0",".242",".308",".401",".708",".313","-0.4","-1.5","0.0","1260"
"James Loney","194","176","47","10","0","3","20","20","15","24","1","1","1",".269",".326",".384",".710",".313","-0.4","1.7","0.5","4556"
"Chris Parmelee","132","118","29","6","0","3","14","14","12","27","1","1","1",".248",".319",".385",".704",".313","-0.1","-0.3","0.2","2554"
"Zoilo Almonte","22","20","5","1","0","1","2","3","1","5","0","0","0",".253",".300",".411",".711",".313","0.0","0.1","0.0","6732"
"Rajai Davis","188","173","47","10","1","3","23","18","10","34","2","15","5",".271",".317",".389",".706",".313","1.6","-3.5","0.2","3708"
"Welington Castillo","125","113","28","6","0","4","12","13","9","30","2","0","0",".246",".312",".394",".706",".313","-0.2","-0.1","0.5","3256"
"Chris Coghlan","137","121","31","6","1","2","14","12","13","24","1","3","2",".253",".327",".375",".701",".313","0.2","-1.2","0.1","6878"
"Brandon Barnes","69","63","16","4","0","2","8","7","4","18","1","2","1",".255",".305",".403",".708",".313","0.0","0.6","0.1","629"
"Jordany Valdespin","67","61","16","3","1","2","7","6","4","10","1","3","2",".258",".312",".395",".706",".312","-0.1","0.0","0.2","5098"
"Brandon Phillips","96","88","23","4","0","2","10","10","5","15","1","1","1",".263",".311",".398",".709",".312","0.0","1.3","0.4","791"
"Cole Gillespie","11","10","2","0","0","0","1","1","1","2","0","0","0",".244",".317",".383",".701",".312","0.0","0.0","0.0","5888"
"Kennys Vargas","122","111","28","6","0","4","14","14","9","24","1","1","0",".249",".307",".401",".708",".312","0.0","0.0","0.1","sa503875"
"Avisail Garcia","17","16","4","1","0","0","2","2","1","4","0","0","0",".267",".305",".402",".707",".312","0.0","-0.1","0.0","5760"
"Nolan Reimold","64","57","13","3","0","2","7","7","5","15","1","1","0",".233",".303",".402",".704",".311","0.0","-0.2","0.0","3441"
"Derek Jeter","214","195","54","8","1","2","25","19","15","30","2","3","1",".278",".333",".363",".695",".311","-0.3","-3.2","0.4","826"
"Jake Goebbert","33","30","7","1","0","1","3","4","3","6","0","0","0",".241",".313",".392",".704",".311","0.0","0.0","0.1","9431"
"Alejandro De Aza","183","165","42","8","2","3","20","17","14","38","2","6","3",".253",".318",".383",".701",".311","0.2","0.4","0.4","3371"
"Brad Miller","153","138","35","6","1","3","17","16","12","29","1","3","1",".252",".314",".388",".702",".311","0.3","0.3","0.8","12775"
"Cody Asche","171","156","40","8","1","4","16","18","12","36","1","2","1",".253",".307",".400",".706",".311","0.1","-1.4","0.4","11997"
"Jemile Weeks","12","11","3","0","0","0","1","1","1","2","0","0","0",".260",".333",".358",".691",".311","0.0","-0.2","0.0","2498"
"Caleb Gindl","21","19","5","1","0","1","2","2","2","4","0","0","0",".246",".311",".391",".702",".311","0.0","-0.1","0.0","5002"
"Johnny Giavotella","34","31","8","2","0","0","3","3","2","4","0","1","0",".270",".327",".373",".699",".310","0.0","-0.2","0.1","6740"
"Trevor Plouffe","189","171","41","9","1","6","20","21","14","40","2","1","1",".239",".302",".398",".700",".310","-0.4","-1.8","0.4","7462"
"Lorenzo Cain","164","150","40","8","1","2","18","15","10","34","2","6","3",".267",".318",".381",".700",".310","0.2","3.0","0.8","9077"
"Gregory Polanco","204","186","48","8","1","4","24","18","15","33","1","9","4",".259",".315",".384",".699",".310","0.3","-0.4","0.4","12907"
"Josh Satin","6","6","1","0","0","0","1","1","1","1","0","0","0",".245",".328",".361",".689",".310","0.0","-0.1","0.0","6788"
"Elvis Andrus","221","199","54","9","1","2","26","18","17","28","2","11","5",".273",".334",".355",".689",".310","1.5","2.0","1.1","8709"
"Chris Young","205","180","40","9","0","7","22","23","21","44","2","5","2",".222",".306",".393",".700",".310","0.4","-0.3","0.6","3882"
"Derek Dietrich","35","32","8","1","0","1","4","4","2","8","1","0","0",".242",".302",".397",".700",".310","0.0","-0.3","0.1","10542"
"David Lough","58","54","14","2","1","1","6","6","3","9","1","2","1",".267",".310",".393",".703",".309","0.1","0.5","0.2","7215"
"Marcell Ozuna","202","187","46","9","1","6","20","23","12","49","1","2","1",".249",".296",".407",".703",".309","0.0","0.6","0.6","10324"
"Erick Aybar","198","185","51","10","1","3","22","20","9","20","2","6","3",".274",".312",".387",".699",".309","0.5","0.1","1.0","4082"
"Steve Clevenger","10","9","2","1","0","0","1","1","1","2","0","0","0",".263",".318",".377",".696",".309","0.0","-0.1","0.0","9542"
"Jason Castro","179","160","38","8","1","5","19","19","16","47","2","0","0",".236",".310",".385",".695",".309","-0.1","-0.5","0.7","8722"
"Marc Krauss","48","43","10","2","0","1","5","5","5","12","0","0","0",".231",".312",".382",".694",".308","-0.1","-0.1","0.1","7577"
"Zach Lutz","2","2","0","0","0","0","0","0","0","0","0","0","0",".239",".313",".378",".691",".308","0.0","0.0","0.0","3735"
"Chris Taylor","74","67","18","3","1","1","8","7","6","15","1","3","1",".263",".323",".369",".692",".308","0.0","0.3","0.4","13757"
"Joc Pederson","18","15","4","1","0","0","2","2","2","5","0","1","0",".230",".316",".374",".690",".308","0.0","0.0","0.1","sa549081"
"Thomas Neal","7","6","2","0","0","0","1","1","0","1","0","0","0",".260",".315",".376",".691",".308","0.0","0.0","0.0","9461"
"Raul Ibanez","91","82","19","4","1","3","10","10","8","19","0","1","0",".236",".303",".395",".698",".308","-0.4","-0.9","-0.6","607"
"Eric Campbell","84","74","19","4","0","1","8","8","8","15","1","1","1",".250",".325",".357",".683",".308","-0.1","0.1","0.2","6938"
"Alberto Callaspo","146","130","33","7","0","2","15","14","14","15","1","1","0",".254",".328",".358",".686",".308","-0.3","-1.1","0.1","3336"
"Jarrod Saltalamacchia","164","145","33","8","0","5","16","18","16","49","1","1","0",".225",".304",".390",".694",".307","0.0","-1.7","0.5","5557"
"Kolten Wong","149","136","36","6","1","3","16","14","9","20","1","6","3",".265",".313",".382",".695",".307","0.2","-0.2","0.5","12532"
"Andrew Lambo","26","24","6","1","0","1","3","3","2","6","0","0","0",".239",".297",".404",".700",".307","0.0","0.0","0.0","5386"
"Chris Owings","110","104","28","5","1","2","11","11","4","22","1","2","1",".267",".298",".402",".700",".307","0.0","0.3","0.4","10030"
"Erik Kratz","41","37","9","2","0","1","4","5","3","7","0","0","0",".242",".298",".402",".700",".307","-0.1","0.2","0.1","4403"
"John Mayberry","53","48","11","3","0","2","5","6","4","12","0","0","0",".236",".298",".396",".694",".307","0.0","-0.1","0.1","3390"
"Tommy Medica","33","30","7","1","0","1","3","4","2","9","0","0","0",".233",".294",".400",".694",".306","0.0","0.0","0.1","11147"
"Taylor Green","32","29","7","2","0","1","3","3","2","5","0","0","0",".248",".304",".388",".691",".306","0.0","-0.4","0.0","9147"
"Jake Smolinski","102","90","22","5","0","2","10","10","9","17","1","1","1",".245",".319",".367",".685",".306","0.0","0.1","0.1","5408"
"Didi Gregorius","186","167","43","7","2","3","18","17","13","26","2","2","1",".256",".316",".378",".694",".306","0.2","2.1","0.8","6012"
"Robbie Grossman","78","68","16","3","0","1","8","7","8","17","1","2","2",".242",".327",".350",".678",".306","-0.1","-0.8","0.0","5254"
"Stephen Drew","190","167","38","8","2","5","20","20","19","46","1","2","1",".229",".310",".380",".689",".306","-0.3","1.8","0.8","4251"
"Jesus Guzman","73","65","16","3","0","2","7","7","6","17","1","1","0",".241",".309",".378",".688",".306","-0.1","-0.3","0.1","3118"
"Kurt Suzuki","141","128","33","7","0","2","14","14","10","16","2","0","0",".258",".317",".372",".689",".306","-0.3","0.1","0.6","8259"
"Kevin Kiermaier","122","111","29","5","2","2","13","12","8","21","1","4","2",".257",".310",".381",".691",".306","0.1","2.3","0.6","11038"
"Andrelton Simmons","199","182","48","8","2","4","20","19","13","18","1","3","2",".261",".310",".383",".693",".305","0.0","5.0","1.3","10847"
"Javier Baez","34","32","7","2","0","1","4","4","2","10","0","1","1",".236",".283",".416",".698",".305","0.0","0.0","0.1","sa597757"
"J.J. Hardy","202","188","48","9","0","6","21","22","11","31","1","0","0",".254",".297",".396",".693",".305","-0.3","1.9","0.9","3797"
"Marco Scutaro","156","142","38","7","1","1","16","12","11","14","1","1","1",".271",".325",".356",".681",".305","-0.1","-0.7","0.5","1555"
"Jackie Bradley Jr","168","149","36","9","1","2","18","16","15","39","2","4","2",".243",".317",".364",".681",".305","0.1","2.2","0.7","12984"
"A.J. Ellis","148","127","30","6","0","2","13","13","18","27","2","1","0",".236",".336",".340",".676",".305","-0.4","1.3","0.8","5677"
"Sean Rodriguez","130","117","27","6","1","4","14","14","9","32","2","1","1",".232",".298",".389",".687",".305","0.1","0.7","0.4","6589"
"Jimmy Rollins","218","194","46","9","1","5","25","19","20","31","1","7","3",".240",".311",".374",".685",".304","0.5","1.0","0.9","971"
"Sean Halton","30","28","7","2","0","1","3","3","2","7","0","0","0",".248",".302",".387",".689",".304","0.0","0.0","0.0","9853"
"Hunter Morris","7","6","1","0","0","0","1","1","0","1","0","0","0",".243",".284",".412",".696",".304","0.0","0.0","0.0","sa526553"
"Adam Duvall","122","112","26","5","1","4","12","14","7","25","1","1","0",".234",".284",".407",".691",".304","0.0","-0.4","0.1","10950"
"Chris Heisey","128","117","28","6","1","4","13","14","7","29","2","3","1",".242",".291",".398",".689",".304","0.2","1.1","0.3","3978"
"Zelous Wheeler","43","38","9","2","0","1","5","4","3","8","1","0","0",".246",".307",".375",".682",".304","0.0","-0.1","0.1","8822"
"Arismendy Alcantara","227","208","52","10","2","4","26","19","15","51","1","9","4",".252",".303",".386",".688",".304","0.3","0.6","0.6","10711"
"Michael Bourn","163","147","38","6","2","2","19","12","13","36","1","6","2",".259",".320",".361",".681",".304","1.0","0.3","0.6","6387"
"Ryan Doumit","71","64","16","3","0","2","7","8","5","15","1","0","0",".242",".302",".387",".689",".304","-0.2","-0.3","0.1","2113"
"Nate Schierholtz","54","50","12","2","0","1","5","6","3","11","1","1","1",".241",".295",".397",".692",".304","0.0","0.1","0.1","6201"
"Brandon Guyer","80","73","18","4","1","1","8","8","5","14","1","2","1",".252",".309",".372",".681",".303","0.1","0.5","0.2","2636"
"Danny Valencia","23","21","5","1","0","1","2","2","1","4","0","0","0",".254",".296",".393",".689",".303","-0.1","-0.2","0.0","6364"
"Chris Denorfia","12","11","3","0","0","0","1","1","1","2","0","0","0",".256",".312",".369",".682",".303","0.0","0.1","0.0","4400"
"Nick Franklin","34","30","7","1","0","1","4","3","3","7","0","1","0",".239",".311",".369",".680",".303","0.0","-0.1","0.1","10166"
"Geovany Soto","76","67","15","3","0","2","8","8","7","20","1","1","0",".221",".300",".381",".681",".303","-0.3","0.0","0.2","3707"
"Alexei Ramirez","204","191","51","9","1","4","21","20","9","24","1","6","3",".269",".305",".380",".686",".303","0.5","0.2","0.7","5133"
"Eduardo Nunez","123","113","30","5","1","2","12","12","7","18","1","4","2",".265",".309",".376",".684",".303","0.1","-2.1","0.0","6848"
"Nate McLouth","124","109","26","6","0","2","13","12","11","21","1","4","2",".237",".314",".363",".677",".303","0.5","-0.7","0.2","3190"
"Christian Colon","81","74","20","3","0","1","8","8","5","8","1","2","1",".267",".314",".365",".679",".303","0.0","0.0","0.2","11145"
"Ryan Raburn","85","77","18","4","0","3","9","9","6","21","1","0","0",".235",".294",".390",".684",".303","-0.1","0.0","0.1","2218"
"Kevin Frandsen","76","70","19","4","0","1","7","7","3","8","2","1","0",".271",".313",".367",".680",".302","-0.1","-0.1","0.1","7528"
"Domingo Santana","42","38","9","2","0","1","4","5","3","13","0","1","0",".230",".296",".386",".682",".302","0.0","0.0","0.0","10348"
"Alfredo Marte","21","19","5","1","0","0","2","2","1","5","0","0","0",".245",".300",".381",".681",".302","0.0","0.0","0.0","5212"
"Grady Sizemore","117","106","25","6","1","2","12","11","9","23","1","2","1",".240",".302",".377",".680",".302","-0.1","-0.9","-0.2","2197"
"Jean Segura","169","157","42","6","2","3","17","15","8","22","2","8","4",".266",".305",".383",".688",".302","0.3","0.1","0.5","5933"
"Charlie Culberson","45","43","11","2","0","1","5","5","2","10","0","1","1",".260",".293",".397",".691",".302","0.1","-0.3","0.0","3298"
"Yangervis Solarte","155","142","36","7","0","3","14","15","11","19","1","1","0",".255",".310",".368",".678",".302","-0.2","-0.2","0.4","5352"
"Yunel Escobar","176","156","40","7","0","2","17","16","16","21","1","1","1",".254",".324",".348",".672",".302","0.0","-0.1","0.7","4191"
"David Ross","79","71","16","4","0","3","9","9","7","25","0","1","0",".225",".293",".388",".680",".302","-0.3","0.5","0.3","1551"
"Vince Belnome","4","4","1","0","0","0","0","0","0","1","0","0","0",".230",".317",".352",".670",".302","0.0","0.0","0.0","8126"
"Jim Adduci","27","24","6","1","0","0","3","3","2","6","0","1","0",".255",".317",".359",".676",".302","0.0","0.1","0.0","6448"
"Jeff Baker","127","116","29","6","1","3","12","13","9","28","1","1","1",".246",".301",".380",".681",".301","-0.3","-1.1","0.0","2073"
"Lyle Overbay","96","85","20","5","0","2","9","10","9","22","0","0","0",".232",".304",".374",".678",".301","-0.3","-0.1","0.0","1617"
"Rougned Odor","173","161","42","7","2","3","18","18","8","29","2","6","3",".259",".298",".386",".684",".301","0.1","-0.1","0.3","12282"
"Matt Hague","5","4","1","0","0","0","0","0","0","1","0","0","0",".252",".314",".359",".674",".301","0.0","0.0","0.0","7772"
"Daniel Robertson","46","42","11","2","0","0","5","4","3","6","0","1","1",".261",".321",".350",".672",".301","0.0","0.2","0.1","6266"
"Darnell McDonald","11","10","2","1","0","0","1","1","1","2","0","0","0",".244",".305",".370",".676",".301","0.0","-0.2","0.0","1867"
"Justin Turner","63","57","15","3","0","1","6","6","4","10","1","1","0",".257",".314",".360",".674",".301","0.0","-0.6","0.1","5235"
"Adam Rosales","83","75","18","4","0","2","9","8","6","17","1","1","0",".245",".302",".374",".676",".301","0.0","-0.2","0.0","9682"
"Juan Uribe","162","149","37","8","0","4","15","17","10","33","1","1","1",".249",".299",".384",".683",".301","-0.2","3.6","0.8","454"
"Efren Navarro","71","64","17","3","0","1","7","7","6","12","0","1","0",".258",".317",".357",".673",".300","0.0","0.1","0.1","9854"
"Shane Robinson","40","36","9","2","0","0","4","4","3","6","0","1","0",".252",".320",".349",".669",".300","0.1","0.2","0.1","4249"
"L.J. Hoes","62","55","14","3","0","1","6","5","5","10","0","1","1",".251",".320",".346",".666",".300","0.0","-0.2","0.1","6656"
"Maicer Izturis","11","10","3","1","0","0","1","1","1","1","0","0","0",".259",".314",".358",".672",".300","0.0","-0.1","0.0","2437"
"Logan Forsythe","112","100","24","4","1","2","11","11","9","23","1","1","1",".242",".313",".358",".671",".300","0.1","-0.4","0.2","7185"
"Marcus Semien","50","44","10","2","0","1","6","5","5","10","0","1","1",".227",".304",".368",".672",".300","0.0","-0.3","0.1","12533"
"Jordy Mercer","148","135","34","7","1","3","14","15","9","25","2","1","1",".255",".306",".379",".685",".300","-0.1","-0.7","0.4","6547"
"Cameron Maybin","134","122","30","5","1","2","12","12","10","26","1","4","2",".246",".305",".369",".674",".300","0.6","0.4","0.5","5223"
"Gordon Beckham","171","156","38","9","0","4","19","17","11","27","2","2","1",".244",".301",".373",".674",".300","0.0","-0.6","0.3","9015"
"Kevin Pillar","4","4","1","0","0","0","0","0","0","1","0","0","0",".261",".297",".383",".680",".299","0.0","0.0","0.0","12434"
"Gary Sanchez","4","4","1","0","0","0","0","0","0","1","0","0","0",".242",".291",".385",".676",".299","0.0","0.0","0.0","sa549555"
"Matt Dominguez","188","173","42","8","0","6","19","22","11","31","2","0","0",".240",".288",".391",".679",".299","-0.4","-1.0","0.3","4903"
"Roger Kieschnick","23","21","5","1","0","1","2","2","2","6","0","0","0",".236",".290",".388",".678",".299","0.0","-0.1","0.0","5225"
"Jermaine Curtis","23","20","5","1","0","0","2","2","2","3","0","0","0",".253",".333",".322",".655",".299","0.0","0.0","0.1","7765"
"Jason Giambi","22","19","4","1","0","1","2","2","2","5","0","0","0",".214",".301",".369",".670",".298","-0.1","0.0","0.0","818"
"Luis Jimenez","11","10","3","1","0","0","1","1","0","2","0","0","0",".252",".285",".393",".679",".298","0.0","0.1","0.0","6341"
"Jordan Danks","26","23","5","1","0","1","3","2","3","7","0","0","0",".228",".308",".357",".665",".298","0.0","0.1","0.0","9187"
"J.P. Arencibia","158","146","32","7","0","7","17","20","8","42","1","1","0",".222",".267",".415",".682",".298","-0.2","-0.9","0.1","697"
"J.B. Shuck","16","15","4","1","0","0","2","1","1","2","0","0","0",".266",".321",".345",".666",".298","0.0","0.0","0.0","6677"
"Ben Revere","177","165","47","5","2","1","18","12","8","17","1","10","4",".285",".320",".349",".669",".298","1.0","-0.5","0.4","4712"
"Andrew Susac","10","9","2","0","0","0","1","1","1","2","0","0","0",".226",".307",".353",".660",".297","0.0","0.0","0.0","13132"
"Brandon Crawford","185","165","39","7","2","3","17","17","17","36","1","1","1",".239",".312",".361",".673",".297","-0.1","0.5","0.7","5343"
"Robinson Chirinos","109","99","23","5","0","3","11","11","7","22","1","1","0",".236",".295",".374",".668",".297","-0.1","0.8","0.4","3142"
"Randal Grichuk","19","17","4","1","0","1","2","2","1","4","0","0","0",".240",".278",".400",".678",".297","0.0","0.1","0.0","10243"
"Jarrod Dyson","98","88","23","3","1","1","11","8","8","17","1","9","3",".258",".319",".344",".663",".297","1.0","1.8","0.5","4866"
"Josh Thole","58","52","13","3","0","1","6","5","5","9","0","1","0",".249",".319",".347",".665",".297","-0.2","-0.5","0.1","9689"
"Moises Sierra","80","73","17","3","0","2","8","9","5","19","1","1","1",".238",".291",".380",".671",".297","-0.2","-0.1","0.0","6050"
"Ichiro Suzuki","68","64","18","2","0","1","7","6","3","9","0","2","1",".277",".314",".360",".674",".297","0.1","0.5","0.1","1101"
"Peter Bourjos","74","67","16","3","1","1","7","7","5","18","1","2","1",".240",".297",".372",".668",".297","0.2","1.5","0.3","2578"
"Chris Gimenez","90","79","19","4","0","1","9","8","9","18","1","1","0",".237",".315",".344",".659",".296","-0.1","0.0","0.2","7324"
"Hank Conger","121","109","26","5","0","3","13","12","9","25","1","1","0",".237",".302",".365",".667",".296","0.0","-0.3","0.5","2505"
"Collin Cowgill","58","52","13","2","0","1","6","5","4","13","0","1","0",".243",".303",".359",".662",".296","0.1","0.3","0.1","7250"
"Brayan Pena","139","130","34","7","0","3","12","14","6","16","1","1","1",".258",".294",".378",".673",".296","-0.8","0.2","0.1","3231"
"Mike Zunino","154","141","31","6","1","6","17","18","8","44","3","1","1",".221",".274",".399",".673",".296","0.1","0.2","0.7","13265"
"Craig Gentry","60","53","14","2","0","0","6","5","4","11","1","3","1",".256",".323",".336",".658",".296","0.3","1.2","0.3","9571"
"Travis Ishikawa","43","39","9","2","0","1","4","4","3","11","1","0","0",".236",".305",".359",".664",".296","-0.1","0.6","0.1","4793"
"Eugenio Suarez","138","124","30","6","1","2","14","13","9","29","2","3","2",".244",".303",".359",".662",".295","-0.1","-0.1","0.3","12552"
"Greg Garcia","9","8","2","0","0","0","1","1","1","2","0","0","0",".243",".318",".337",".654",".295","0.0","0.0","0.0","10951"
"Jesus Aguilar","9","8","2","0","0","0","1","1","1","2","0","0","0",".237",".302",".361",".663",".295","0.0","0.0","0.0","11342"
"Nick Hundley","100","92","22","5","0","3","10","11","7","24","1","1","0",".236",".291",".380",".671",".295","-0.3","-0.1","0.4","3376"
"James Ramsey","11","10","2","0","0","0","1","1","1","3","0","0","0",".232",".303",".357",".660",".295","0.0","0.0","0.0","sa599239"
"Kirk Nieuwenhuis","15","14","3","1","0","0","1","2","1","4","0","0","0",".224",".289",".376",".665",".295","0.0","0.0","0.0","6400"
"Christian Vazquez","97","88","22","5","0","1","10","9","7","16","1","1","1",".250",".305",".354",".660",".294","0.0","-0.1","0.3","9774"
"Josh Phegley","19","18","4","1","0","1","2","2","1","3","0","0","0",".239",".283",".383",".667",".294","0.0","-0.1","0.1","9308"
"Maikel Franco","11","10","3","1","0","0","1","1","1","2","0","0","0",".246",".283",".385",".669",".294","0.0","0.0","0.0","sa549529"
"B.J. Upton","214","190","42","9","1","5","24","19","19","63","1","8","3",".220",".294",".366",".660",".294","0.5","-0.9","0.3","5015"
"Francisco Peguero","11","11","3","0","0","0","1","1","0","2","0","0","0",".270",".298",".369",".667",".294","0.0","0.0","0.0","5496"
"Don Kelly","96","86","21","3","1","2","10","9","8","14","1","2","1",".243",".311",".345",".655",".294","0.0","-0.6","0.0","2216"
"Ryan Kalish","39","35","8","1","0","1","4","4","3","8","0","1","1",".235",".298",".364",".661",".294","0.0","-0.1","0.0","6962"
"Jackson Williams","10","10","2","1","0","0","1","1","1","2","0","0","0",".241",".301",".358",".659",".294","0.0","0.0","0.0","sa389234"
"Stefen Romero","9","9","2","0","0","0","1","1","0","2","0","0","0",".245",".283",".384",".667",".294","0.0","0.0","0.0","11746"
"Zach Walters","53","49","11","2","0","2","6","6","3","14","0","1","0",".232",".272",".398",".670",".294","0.0","-0.3","0.0","10622"
"Aaron Hicks","44","39","9","2","0","1","4","4","5","10","0","1","1",".225",".309",".341",".651",".293","0.0","-0.3","0.0","5297"
"Brooks Conrad","11","10","2","0","0","0","1","1","1","3","0","0","0",".220",".285",".382",".667",".293","0.0","-0.1","0.0","3664"
"Tyler Collins","14","13","3","1","0","0","2","1","1","3","0","0","0",".234",".291",".368",".659",".293","0.0","0.0","0.0","12723"
"Neftali Soto","6","6","1","0","0","0","1","1","0","1","0","0","0",".238",".280",".385",".665",".293","0.0","0.0","0.0","5663"
"Steve Tolleson","32","29","7","1","0","0","3","3","3","7","0","1","0",".237",".307",".345",".652",".293","-0.1","-0.1","0.0","4450"
"Eric Sogard","75","68","17","3","0","1","8","6","6","9","1","2","1",".250",".313",".339",".652",".293","0.0","0.3","0.2","7927"
"Wilmer Flores","83","78","19","4","0","2","7","9","4","13","0","0","0",".249",".286",".378",".664",".293","0.0","-0.1","0.2","5827"
"Cliff Pennington","45","41","10","2","0","0","4","4","4","8","0","1","0",".246",".309",".346",".656",".293","0.1","0.1","0.1","3395"
"Reed Johnson","55","51","13","3","0","1","5","5","2","12","1","1","0",".256",".296",".363",".659",".293","-0.1","-0.4","0.0","1702"
"Tony Sanchez","10","9","2","0","0","0","1","1","1","2","0","0","0",".231",".296",".358",".655",".292","0.0","-0.1","0.0","6178"
"Junior Lake","128","119","29","5","1","3","13","12","6","35","1","4","2",".242",".285",".376",".661",".292","0.0","-0.2","0.0","4672"
"Dee Gordon","209","190","49","6","3","1","24","14","14","34","1","18","7",".259",".314",".338",".652",".292","1.2","-0.6","0.5","8203"
"Francisco Cervelli","54","48","11","2","0","1","5","5","4","11","1","0","0",".238",".309",".338",".646",".292","0.0","0.0","0.1","5275"
"Gregor Blanco","125","110","26","4","1","1","12","9","13","25","1","4","2",".241",".321",".326",".647",".292","0.3","0.4","0.3","3123"
"Ezequiel Carrera","93","85","22","3","1","1","10","8","6","16","1","6","3",".256",".311",".339",".650",".292","0.2","-0.6","0.1","9048"
"Mike Olt","89","79","16","3","0","3","9","10","8","29","1","1","0",".204",".284",".372",".655",".292","0.0","0.1","0.1","10698"
"Sam Fuld","151","132","31","5","1","1","16","12","15","23","1","6","3",".234",".315",".328",".643",".291","0.3","1.2","0.4","8254"
"Ryan Flaherty","104","95","22","4","0","3","11","11","7","23","1","1","0",".231",".286",".374",".660",".291","0.0","0.0","0.2","7888"
"Cole Figueroa","11","10","2","0","0","0","1","1","1","1","0","0","0",".250",".315",".330",".645",".291","0.0","0.0","0.0","8790"
"Skip Schumaker","103","93","24","5","0","1","9","8","8","18","1","1","1",".254",".313",".335",".648",".291","-0.2","-1.3","-0.1","3704"
"A.J. Pierzynski","116","109","28","5","0","3","10","12","4","17","2","0","0",".255",".289",".373",".662",".291","-0.6","-0.1","0.3","746"
"Joe Panik","45","41","10","2","0","0","4","4","3","5","0","1","0",".256",".311",".338",".649",".291","0.0","0.0","0.1","11936"
"Logan Schafer","73","66","16","3","1","1","7","6","5","13","1","2","1",".239",".300",".351",".651",".290","0.0","0.2","0.0","7937"
"Josh Vitters","7","6","1","0","0","0","1","1","0","2","0","0","0",".233",".281",".376",".657",".290","0.0","0.0","0.0","4623"
"Matt Davidson","65","58","12","3","0","2","7","7","5","19","1","0","0",".213",".284",".368",".652",".290","0.0","0.2","0.1","7226"
"Francisco Pena","21","19","4","1","0","1","2","2","1","4","0","0","0",".231",".275",".384",".659",".290","0.0","0.0","0.1","8298"
"Juan Perez","36","34","8","2","0","1","3","3","2","7","0","1","1",".252",".290",".365",".654",".290","-0.1","0.5","0.1","5371"
"Steve Lombardozzi","11","11","3","0","0","0","1","1","1","1","0","0","0",".266",".304",".350",".653",".290","0.0","0.0","0.0","5422"
"Matt den Dekker","9","8","2","0","0","0","1","1","1","2","0","0","0",".239",".291",".362",".653",".289","0.0","0.1","0.0","11385"
"Daniel Butler","10","9","2","1","0","0","1","1","1","2","0","0","0",".227",".292",".354",".647",".289","0.0","0.0","0.0","sa510223"
"Cesar Hernandez","40","37","10","1","0","0","4","3","3","7","0","1","1",".259",".306",".341",".648",".289","0.0","0.2","0.1","10556"
"Chris Valaika","4","4","1","0","0","0","0","0","0","1","0","0","0",".246",".292",".359",".651",".289","0.0","0.0","0.0","1165"
"Billy Hamilton","216","199","50","8","2","2","25","15","13","42","1","25","10",".252",".299",".350",".648",".289","1.7","2.9","0.7","10199"
"Carlos Corporan","44","40","9","2","0","1","4","5","2","10","1","0","0",".232",".285",".369",".654",".289","-0.1","-0.2","0.1","5587"
"Austin Romine","6","5","1","0","0","0","1","1","0","1","0","0","0",".238",".293",".354",".647",".288","0.0","0.0","0.0","5491"
"Jerry Sands","22","20","4","1","0","1","2","2","2","6","0","0","0",".214",".287",".358",".645",".288","0.0","0.0","0.0","4016"
"Ramon Cabrera","21","20","5","1","0","0","2","2","1","2","0","0","0",".255",".308",".335",".643",".288","0.0","0.0","0.1","sa503033"
"Jose Lobaton","56","50","11","2","0","1","5","5","5","13","0","0","0",".228",".301",".341",".642",".288","-0.1","-0.2","0.1","4243"
"Anthony Recker","61","55","12","2","0","2","5","6","5","17","0","1","0",".218",".283",".364",".647",".288","0.0","0.1","0.2","4063"
"Martin Maldonado","69","62","14","3","0","2","6","7","5","16","1","0","0",".225",".289",".356",".645",".288","0.0","0.0","0.1","6887"
"Danny Santana","196","183","47","8","2","2","20","15","8","39","1","7","4",".259",".293",".357",".650",".288","-0.2","-0.3","0.2","10322"
"Jordan Pacheco","36","33","8","2","0","0","3","3","2","5","0","0","0",".252",".297",".346",".644",".287","0.0","-0.5","0.0","2677"
"Brett Jackson","11","10","2","0","0","0","1","1","1","4","0","0","0",".213",".288",".353",".641",".287","0.0","0.0","0.0","9632"
"Alexi Amarista","107","99","25","5","1","1","9","9","6","15","1","2","1",".248",".291",".357",".649",".287","0.0","-0.1","0.2","9063"
"Ryan Hanigan","59","51","12","2","0","1","6","5","6","8","1","0","0",".233",".322",".319",".641",".287","-0.1","0.9","0.3","4952"
"Trayce Thompson","11","10","2","0","0","0","1","1","1","3","0","0","0",".212",".280",".362",".642",".287","0.0","0.0","0.0","sa500820"
"Everth Cabrera","185","166","41","7","1","2","19","12","15","38","1","10","4",".244",".307",".330",".637",".286","0.8","-1.4","0.4","8155"
"Alcides Escobar","198","185","48","9","1","2","20","18","9","29","2","8","3",".261",".297",".348",".645",".286","1.1","0.7","0.6","6310"
"Jacob Realmuto","10","9","2","0","0","0","1","1","1","2","0","0","0",".243",".296",".346",".642",".286","0.0","0.0","0.0","11739"
"Willie Bloomquist","37","34","9","2","0","0","4","3","2","6","0","1","0",".264",".301",".343",".644",".286","0.0","-0.1","0.0","1066"
"Tyler Pastornicky","17","15","4","1","0","0","2","1","1","3","0","0","0",".253",".302",".339",".641",".286","0.0","-0.1","0.0","6777"
"Zack Cozart","177","164","40","8","1","3","16","16","9","29","1","1","0",".243",".286",".363",".648",".286","0.2","2.2","0.6","2616"
"Abraham Almonte","120","108","26","4","1","2","12","9","9","27","0","4","2",".236",".296",".344",".640",".286","0.1","0.7","0.3","5486"
"Donovan Solano","42","39","10","2","0","0","4","3","2","7","0","0","0",".256",".304",".335",".640",".286","0.0","0.0","0.0","8623"
"Danny Espinosa","180","163","36","8","1","4","17","18","12","53","3","3","2",".222",".285",".360",".646",".286","0.0","1.1","0.3","9219"
"Alexi Casilla","9","8","2","0","0","0","1","1","1","1","0","0","0",".248",".302",".334",".635",".285","0.0","-0.1","0.0","5248"
"Mike Aviles","153","143","36","7","0","3","15","15","6","21","1","5","2",".250",".283",".360",".643",".285","0.2","-1.6","0.0","5986"
"Tyler Colvin","22","20","5","1","0","1","2","2","1","6","0","0","0",".225",".276",".372",".647",".285","0.0","0.0","0.0","5310"
"Ruben Tejada","165","146","36","7","0","1","14","12","15","24","2","1","1",".244",".318",".316",".634",".285","-0.2","0.1","0.3","5519"
"Jake Marisnick","63","58","14","2","1","1","6","6","3","14","1","3","1",".238",".283",".360",".642",".284","0.1","1.0","0.2","11339"
"Brandon Hicks","14","12","2","1","0","0","1","1","1","4","0","0","0",".207",".284",".354",".637",".284","0.0","0.0","0.0","4003"
"Jose Ramirez","102","94","24","4","1","1","10","9","6","11","0","5","3",".256",".300",".338",".638",".284","-0.1","-0.3","0.1","13510"
"Jack Hannahan","70","62","14","3","0","1","6","6","6","16","1","1","0",".224",".298",".332",".630",".284","-0.2","0.0","-0.2","3692"
"Donald Lutz","11","10","2","0","0","0","1","1","1","3","0","0","0",".227",".274",".375",".649",".284","0.0","0.0","0.0","10154"
"Carlos Moncrief","4","4","1","0","0","0","0","0","0","1","0","0","0",".230",".281",".363",".644",".284","0.0","0.0","0.0","sa392114"
"Jorge Luis Polanco","13","12","3","1","0","0","1","1","1","2","0","0","0",".249",".294",".345",".639",".284","0.0","0.1","0.0","13152"
"Eduardo Escobar","142","131","33","7","0","1","13","12","8","27","1","2","1",".249",".294",".343",".637",".284","0.0","-0.3","0.2","6153"
"Gerald Laird","24","22","5","1","0","0","2","2","2","4","0","0","0",".235",".305",".325",".630",".284","0.0","0.1","0.1","1698"
"Jace Peterson","64","58","14","2","1","1","5","5","5","11","0","3","2",".236",".300",".330",".630",".284","0.0","0.0","0.1","12325"
"Gregorio Petit","31","29","7","1","0","0","3","3","2","5","0","0","0",".247",".290",".348",".638",".284","0.0","-0.2","0.0","3812"
"Curtis Casali","20","18","4","1","0","0","2","2","2","4","0","0","0",".223",".300",".326",".626",".283","0.0","0.0","0.1","12510"
"Ramon Santiago","118","105","25","4","0","1","10","9","10","19","1","1","1",".235",".306",".318",".624",".283","-0.2","0.0","0.1","1417"
"Tyler Flowers","124","111","23","5","0","4","12","13","9","41","2","1","0",".209",".279",".354",".633",".283","-0.2","0.0","0.3","9134"
"Lane Adams","24","22","5","1","0","0","3","2","2","5","0","1","1",".236",".290",".345",".635",".283","0.0","0.0","0.0","sa501717"
"Chris Nelson","11","10","2","0","0","0","1","1","1","2","0","0","0",".239",".289",".349",".638",".283","0.0","-0.2","0.0","8175"
"Eric Young","117","104","24","4","1","1","12","8","10","22","1","9","3",".235",".306",".319",".626",".283","0.9","0.4","0.2","7158"
"Jonathan Villar","74","67","15","3","1","1","8","7","6","20","1","5","2",".227",".289",".343",".632",".283","0.2","-0.9","0.1","10071"
"Caleb Joseph","89","82","19","4","0","2","9","9","5","17","1","1","0",".234",".284",".351",".635",".283","-0.1","0.8","0.3","7087"
"Mark Ellis","123","112","27","5","0","1","11","10","8","20","2","2","1",".245",".303",".329",".632",".283","-0.1","0.9","0.2","1443"
"Rene Rivera","122","112","26","5","0","3","10","12","7","26","1","0","0",".229",".279",".358",".636",".283","-0.3","0.8","0.4","3648"
"James Jones","12","11","3","0","0","0","1","1","1","3","0","1","0",".245",".292",".343",".634",".282","0.0","-0.1","0.0","9767"
"JR Murphy","21","19","4","1","0","0","2","2","1","4","0","0","0",".232",".284",".350",".634",".282","0.0","0.0","0.0","10346"
"Daniel Descalso","88","79","19","4","0","1","8","8","6","16","1","2","1",".237",".299",".337",".636",".282","0.2","-1.0","0.0","8392"
"Roger Bernadina","37","33","7","1","0","1","3","3","3","9","0","1","0",".219",".296",".331",".627",".282","0.1","-0.1","0.0","6421"
"Juan Lagares","116","108","27","5","1","1","10","10","5","24","1","2","1",".250",".289",".349",".638",".282","0.0","3.5","0.5","5384"
"Endy Chavez","31","29","8","1","0","0","3","2","1","4","0","1","0",".260",".295",".341",".635",".282","-0.1","-0.1","0.0","768"
"Chris Stewart","73","65","15","3","0","1","6","6","6","11","1","1","0",".237",".306",".318",".624",".282","-0.1","0.0","0.2","3878"
"Tyler Holt","7","6","1","0","0","0","1","1","1","1","0","0","0",".242",".308",".312",".620",".281","0.0","0.0","0.0","11391"
"Elian Herrera","52","47","11","2","0","0","5","4","4","11","0","1","1",".243",".302",".323",".624",".281","0.0","-0.6","-0.1","5432"
"Anthony Gose","57","51","12","2","1","1","6","5","4","14","1","3","2",".228",".295",".330",".625",".281","0.1","0.6","0.1","5097"
"Jonathan Schoop","130","120","28","5","0","3","13","13","6","26","2","1","1",".234",".277",".356",".633",".281","0.1","0.2","0.1","11265"
"Ed Lucas","114","104","25","5","0","2","11","9","7","24","1","1","0",".243",".293",".335",".628",".281","0.0","0.1","0.1","7532"
"Munenori Kawasaki","32","29","7","1","0","0","3","2","2","5","0","0","0",".241",".305",".315",".620",".281","0.0","0.0","0.0","13047"
"Engel Beltre","16","15","4","1","0","0","1","1","1","3","0","0","0",".247",".287",".346",".632",".280","0.0","0.0","0.0","4918"
"Bryan Holaday","42","39","9","2","0","0","4","4","2","8","0","0","0",".241",".290",".337",".627",".280","-0.1","-0.2","0.0","11287"
"Ender Inciarte","171","159","40","7","1","1","16","13","9","22","1","7","4",".253",".294",".335",".629",".280","-0.1","1.7","0.2","4922"
"Marwin Gonzalez","137","127","31","6","1","2","13","12","7","22","1","2","1",".241",".284",".345",".630",".280","-0.2","-0.9","0.0","5497"
"Steven Moya","5","4","1","0","0","0","0","1","0","1","0","0","0",".229",".258",".379",".637",".279","0.0","0.0","0.0","sa506703"
"Andrew Romine","68","61","15","2","0","0","7","6","5","13","0","2","1",".246",".303",".317",".620",".279","0.1","-0.2","0.1","1159"
"Tim Federowicz","16","14","3","1","0","0","1","1","1","4","0","0","0",".223",".284",".344",".628",".279","0.0","0.0","0.0","8609"
"Nick Punto","110","96","22","4","0","1","11","8","12","24","0","2","1",".224",".309",".300",".609",".279","0.0","0.2","0.2","1429"
"Taylor Teagarden","10","9","2","0","0","0","1","1","1","3","0","0","0",".205",".273",".350",".623",".278","0.0","0.0","0.0","5199"
"Alen Hanson","11","11","3","0","0","0","1","1","1","2","0","0","0",".241",".278",".350",".628",".278","0.0","0.0","0.0","sa547735"
"Jonathan Herrera","22","20","5","1","0","0","2","2","1","4","0","0","0",".245",".301",".321",".621",".278","0.0","-0.1","0.0","4182"
"Luis Sardinas","26","24","6","1","0","0","2","2","1","4","0","1","0",".261",".294",".330",".623",".278","0.0","-0.1","0.0","13153"
"Jared Mitchell","6","6","1","0","0","0","1","1","1","2","0","0","0",".198",".287",".329",".616",".278","0.0","0.0","0.0","sa327116"
"Nick Ahmed","31","29","7","1","0","0","3","3","2","5","0","1","1",".245",".289",".334",".623",".278","0.0","0.0","0.0","12147"
"Cheslor Cuthbert","11","10","2","0","0","0","1","1","1","2","0","0","0",".235",".283",".341",".624",".278","0.0","0.0","0.0","sa549634"
"Brent Morel","4","4","1","0","0","0","0","0","0","1","0","0","0",".234",".288",".332",".620",".278","0.0","0.0","0.0","6402"
"Ramiro Pena","97","88","21","4","0","1","9","8","7","20","1","1","1",".233",".290",".330",".620",".278","0.0","-0.3","0.0","8841"
"Irving Falu","6","6","1","0","0","0","1","0","0","1","0","0","0",".252",".300",".320",".620",".277","0.0","-0.1","0.0","6165"
"Darin Mastroianni","33","29","7","1","0","0","3","3","3","7","0","1","1",".232",".297",".317",".614",".277","0.0","-0.4","-0.1","7316"
"Max Stassi","10","9","2","0","0","0","1","1","1","2","0","0","0",".223",".269",".357",".626",".277","0.0","0.0","0.0","10059"
"Carlos Sanchez","7","6","2","0","0","0","1","1","0","1","0","0","0",".248",".296",".321",".617",".277","0.0","0.0","0.0","11602"
"Adeiny Hechavarria","200","186","46","8","2","1","16","16","10","32","1","4","2",".249",".289",".334",".623",".277","-0.1","-1.8","0.0","10459"
"Daniel Fields","5","4","1","0","0","0","0","0","0","1","0","0","0",".233",".285",".333",".618",".276","0.0","0.0","0.0","sa501512"
"A.J. Jimenez","10","9","2","0","0","0","1","1","0","2","0","0","0",".242",".281",".340",".621",".276","0.0","0.0","0.0","sa454887"
"Hernan Perez","44","42","11","2","0","0","4","4","2","6","0","1","1",".254",".284",".341",".624",".276","0.0","-0.3","0.0","5751"
"Adrian Nieto","48","43","9","2","0","1","5","4","4","11","0","1","0",".221",".285",".329",".614",".276","0.0","-0.1","0.0","10294"
"John Hester","10","9","2","0","0","0","1","1","1","3","0","0","0",".221",".282",".333",".616",".276","0.0","0.0","0.0","877"
"Jeff Bianchi","62","58","14","3","0","1","5","5","3","12","0","1","1",".243",".284",".333",".617",".275","0.0","0.1","0.0","9958"
"Eric Fryer","41","37","8","2","0","1","4","3","3","9","0","1","0",".220",".292",".315",".607",".275","0.0","-0.1","0.0","8145"
"Hector Sanchez","31","28","7","1","0","1","3","3","2","7","0","0","0",".231",".277",".341",".618",".274","0.0","-0.1","0.0","10289"
"Christian Bethancourt","28","27","6","1","0","0","2","3","1","5","0","0","0",".244",".274",".342",".616",".273","0.0","0.0","0.0","10028"
"Chone Figgins","18","16","4","1","0","0","2","1","2","4","0","1","0",".225",".304",".290",".594",".272","0.0","0.0","0.0","1580"
"Andres Blanco","21","20","5","1","0","0","2","2","1","4","0","0","0",".233",".284",".323",".607",".271","0.0","-0.2","0.0","1907"
"Ehire Adrianza","57","52","12","2","0","0","5","4","4","10","0","1","1",".230",".289",".314",".603",".271","0.0","0.0","0.0","8418"
"Chris Herrmann","22","20","4","1","0","0","2","2","2","5","0","0","0",".223",".288",".316",".604",".271","0.0","-0.1","0.0","9284"
"Jordan Schafer","73","65","14","3","0","1","7","5","7","18","0","6","2",".218",".293",".304",".597",".270","0.2","0.0","0.0","9883"
"Tuffy Gosewisch","24","22","5","1","0","0","2","2","1","4","0","0","0",".226",".269",".339",".607",".270","0.0","0.0","0.0","5277"
"Michael Martinez","4","4","1","0","0","0","0","0","0","1","0","0","0",".238",".281",".328",".609",".270","0.0","0.0","0.0","7358"
"Justin Sellers","6","6","1","0","0","0","1","1","0","1","0","0","0",".225",".282",".319",".601",".270","0.0","0.0","0.0","4006"
"Reid Brignac","34","30","7","1","0","1","3","3","3","8","0","0","0",".217",".280",".322",".602",".270","0.0","-0.1","0.0","8380"
"Ryan Goins","123","114","28","6","1","1","11","11","6","23","0","1","1",".240",".280",".326",".605",".270","-0.3","1.2","0.1","9807"
"Tucker Barnhart","16","14","3","1","0","0","1","1","1","3","0","0","0",".224",".284",".316",".600",".269","0.0","0.0","0.0","10200"
"Tony Cruz","31","28","6","1","0","0","2","3","2","6","0","0","0",".227",".279",".325",".604",".269","0.0","0.0","0.0","2802"
"Wil Nieves","50","47","11","2","0","1","4","4","2","9","0","0","0",".242",".275",".332",".607",".268","-0.2","-0.1","0.0","1556"
"Max Kepler","22","20","5","1","0","0","2","2","1","4","0","0","0",".227",".275",".323",".598",".267","0.0","0.0","0.0","sa549507"
"Jesus Sucre","45","43","10","2","0","0","4","4","2","7","0","0","0",".244",".276",".325",".602",".267","0.0","0.1","0.1","5942"
"Tony Campana","14","13","3","0","0","0","1","1","1","3","0","1","0",".246",".289",".305",".594",".267","0.1","0.0","0.0","4964"
"John Baker","71","63","13","3","0","1","5","5","7","17","0","0","0",".214",".293",".292",".584",".266","-0.2","-0.7","-0.1","4756"
"Cameron Rupp","29","27","6","1","0","1","2","3","2","8","0","0","0",".209",".266",".327",".594",".266","0.0","0.1","0.0","11146"
"Pedro Florimon","21","19","4","1","0","0","2","2","2","5","0","1","0",".219",".279",".311",".590",".266","0.0","0.1","0.0","8385"
"Clint Barmes","71","65","15","3","0","1","6","6","4","14","1","0","0",".223",".275",".324",".599",".265","0.0","0.4","0.0","1830"
"Darwin Barney","36","33","8","1","0","0","3","3","2","4","0","0","0",".234",".279",".316",".595",".265","0.1","0.4","0.0","2430"
"Joaquin Arias","82","78","19","3","0","1","7","7","3","11","1","1","0",".245",".277",".325",".601",".265","0.1","0.3","0.0","3817"
"Robert Andino","4","4","1","0","0","0","0","0","0","1","0","0","0",".228",".275",".312",".587",".264","0.0","0.0","0.0","4900"
"Pete Kozma","11","10","2","0","0","0","1","1","1","2","0","0","0",".222",".282",".307",".589",".264","0.0","0.0","0.0","2539"
"Hak-Ju Lee","11","10","2","0","0","0","1","1","1","2","0","0","0",".225",".283",".297",".581",".263","0.0","0.0","0.0","sa502536"
"Roberto Perez","40","35","7","2","0","0","3","3","4","10","0","0","0",".200",".284",".288",".572",".262","0.0","0.1","0.1","2900"
"Kristopher Negron","13","12","3","0","0","0","1","1","1","3","0","0","0",".216",".266",".320",".585",".262","0.0","-0.1","0.0","5306"
"Audry Perez","11","10","2","0","0","0","1","1","0","2","0","0","0",".238",".261",".332",".593",".262","0.0","0.0","0.0","9176"
"Carlos Triunfel","6","6","1","0","0","0","1","1","0","1","0","0","0",".232",".267",".321",".588",".261","0.0","0.0","0.0","193"
"Brendan Ryan","65","59","13","3","0","1","6","5","5","13","1","1","1",".215",".279",".292",".571",".259","0.1","0.8","0.0","6073"
"John McDonald","42","38","8","2","0","1","4","4","2","8","0","1","0",".219",".271",".306",".577",".258","-0.1","-0.1","0.0","395"
"Jose Molina","118","107","23","4","0","1","10","9","7","27","1","1","1",".218",".273",".298",".571",".258","-0.5","0.5","0.1","25"
"Erik Gonzalez","4","4","1","0","0","0","0","0","0","1","0","0","0",".232",".263",".318",".581",".257","0.0","0.0","0.0","sa506001"
"Leury Garcia","77","71","16","3","0","1","7","6","4","19","0","4","2",".222",".266",".300",".566",".253","0.2","-0.1","-0.2","5913"
"Eli Whiteside","10","9","2","0","0","0","1","1","1","3","0","0","0",".204",".256",".306",".562",".251","0.0","0.0","0.0","3536"
"Erisbel Arruebarruena","11","10","2","0","0","0","1","1","1","3","0","0","0",".216",".259",".299",".558",".249","0.0","0.0","0.0","15809"
"Miguel Rojas","38","36","8","1","0","0","3","3","2","5","0","1","0",".221",".267",".284",".551",".249","0.0","0.2","0.0","7802"
"Jeff Mathis","30","27","5","1","0","1","2","2","2","9","0","0","0",".196",".256",".302",".557",".248","-0.1","0.1","0.0","3448"
"Drew Butera","33","30","6","1","0","0","2","3","2","7","0","0","0",".193",".248",".281",".529",".239","-0.1","0.1","0.0","3411"
