Foo,PlayerName,Team,POS,ADP,PA,mAVG,mRBI,mR,mSB,mHR,mOBP,PTS,aPOS,Dollars
Foo,Mike Trout,Angels,OF,1.3,641,$6.9,$7.6,$9.6,$3.7,$6.6,$13.1,$47.4,$12.0,$60.4
Foo,Mookie Betts,Red Sox,OF,3.8,643,$9.0,$5.8,$7.2,$4.3,$2.5,$4.2,$33.0,$12.0,$46.0
Foo,Bryce Harper,Nationals,OF,11.1,603,$2.9,$5.1,$6.0,$2.1,$5.1,$11.3,$32.5,$12.0,$45.6
Foo,Miguel Cabrera,Tigers,1B,16.7,621,$8.4,$6.6,$6.2,($2.9),$5.1,$8.5,$32.0,$12.1,$45.1
Foo,Manny Machado,Orioles,3B/SS,8.6,639,$5.2,$7.5,$6.6,($1.0),$6.8,$2.2,$27.3,$15.0,$43.3
Foo,Jose Altuve,Astros,2B,5.0,655,$9.8,$1.4,$6.3,$6.7,($1.9),$4.0,$26.3,$15.0,$42.3
Foo,Paul Goldschmidt,Diamondbacks,1B,6.7,631,$3.1,$3.6,$5.1,$3.1,$2.9,$9.9,$27.6,$12.1,$40.7
Foo,Anthony Rizzo,Cubs,1B,12.0,630,$1.6,$6.9,$5.9,($0.8),$5.9,$6.6,$26.1,$12.1,$39.1
Foo,Nolan Arenado,Rockies,3B,5.7,637,$4.4,$8.4,$5.9,($2.0),$6.9,$1.2,$24.8,$12.4,$38.2
Foo,Trea Turner,Nationals,2B/OF,16.1,635,$7.0,($1.0),$5.3,$11.2,($2.1),$1.0,$21.3,$15.0,$37.3
Foo,Kris Bryant,Cubs,3B/OF,4.8,639,$0.9,$5.6,$6.8,($0.2),$6.0,$4.4,$23.5,$12.4,$36.9
Foo,Josh Donaldson,Blue Jays,3B,10.4,632,$0.9,$5.5,$7.0,($1.8),$5.6,$5.5,$22.8,$12.4,$36.2
Foo,Joey Votto,Reds,1B,22.8,631,$3.5,$1.6,$4.5,($1.3),$1.7,$12.7,$22.8,$12.1,$35.9
Foo,Carlos Correa,Astros,SS,17.1,631,$1.5,$3.9,$3.6,$1.7,$1.4,$2.8,$15.0,$15.0,$30.9
Foo,Buster Posey,Giants,C,44.8,543,$5.6,$0.1,($1.8),($2.3),($1.5),$4.1,$4.1,$24.7,$29.8
Foo,Freddie Freeman,Braves,1B,29.0,639,$0.9,$4.0,$3.7,($1.8),$3.4,$6.1,$16.3,$12.1,$29.4
Foo,Charlie Blackmon,Rockies,OF,18.1,646,$4.1,($0.7),$6.3,$5.0,$0.2,$0.8,$15.6,$12.0,$28.7
Foo,Andrew McCutchen,Pirates,OF,58.3,626,$2.5,$2.4,$3.2,($0.3),$1.1,$6.0,$15.0,$12.0,$28.0
Foo,Xander Bogaerts,Red Sox,SS,35.8,630,$5.7,$1.9,$3.0,($0.2),($1.4),$2.0,$11.1,$15.0,$27.0
Foo,Gary Sanchez,Yankees,C,50.1,521,($0.5),$2.4,($1.1),($1.3),$3.5,($1.7),$1.3,$24.7,$27.0
Foo,Robinson Cano,Mariners,2B,32.2,635,$4.0,$4.5,$2.3,($2.5),$2.1,$0.5,$10.9,$15.0,$26.9
Foo,Daniel Murphy,Nationals,1B/2B,41.5,568,$9.6,$1.1,$0.4,($1.4),($2.5),$3.1,$10.3,$15.0,$26.3
Foo,Corey Seager,Dodgers,SS,22.5,645,$3.4,$2.2,$4.6,($1.9),$1.6,$0.1,$10.0,$15.0,$26.0
Foo,Christian Yelich,Marlins,OF,59.1,627,$5.1,$0.3,$2.8,$0.9,($1.6),$5.2,$12.7,$12.0,$25.7
Foo,Francisco Lindor,Indians,SS,31.8,643,$4.4,$1.0,$2.6,$2.5,($2.3),$1.4,$9.6,$15.0,$25.6
Foo,Giancarlo Stanton,Marlins,OF,37.6,513,($0.5),$4.5,$0.9,($2.4),$7.1,$2.9,$12.5,$12.0,$25.6
Foo,Carlos Santana,Indians,1B/DH,106.4,648,($3.8),$2.2,$6.7,($1.1),$3.3,$5.3,$12.5,$12.1,$25.6
Foo,Carlos Gonzalez,Rockies,OF,56.4,585,$3.1,$5.4,$1.9,($2.4),$4.2,$0.3,$12.5,$12.0,$25.5
Foo,DJ LeMahieu,Rockies,2B,92.3,627,$8.3,($3.2),$3.3,$1.4,($5.2),$4.4,$9.0,$15.0,$25.0
Foo,George Springer,Astros,OF,34.6,628,($2.7),$1.2,$5.9,$1.3,$3.2,$2.4,$11.3,$12.0,$24.4
Foo,Rougned Odor,Rangers,2B,45.7,606,$0.9,$4.6,$2.0,$1.2,$3.4,($4.3),$7.8,$15.0,$23.7
Foo,Nelson Cruz,Mariners,OF/DH,39.0,601,($1.5),$6.5,$2.4,($2.7),$6.7,($1.1),$10.3,$12.0,$23.3
Foo,Jose Abreu,White Sox,1B,54.6,616,$2.5,$4.5,$1.7,($2.9),$3.7,$0.4,$9.9,$12.1,$23.0
Foo,Jonathan Villar,Brewers,3B/SS,30.8,642,($3.7),($4.1),$3.5,$14.3,($2.0),($1.4),$6.7,$15.0,$22.6
Foo,Matt Carpenter,Cardinals,1B/2B/3B,62.6,644,($0.7),($0.4),$4.4,($1.8),($0.7),$4.8,$5.5,$15.0,$21.5
Foo,Starling Marte,Pirates,OF,28.8,564,$3.6,($1.0),($0.7),$8.3,($2.5),$0.0,$7.8,$12.0,$20.8
Foo,Adrian Beltre,Rangers,3B,89.3,573,$4.8,$3.1,$0.3,($2.8),$0.8,$1.3,$7.4,$12.4,$20.8
Foo,Ryan Braun,Brewers,OF,49.7,549,$1.8,$1.5,($0.1),$1.1,$2.4,$0.7,$7.3,$12.0,$20.4
Foo,Brian Dozier,Twins,2B,34.0,647,($5.4),$2.4,$4.3,$1.3,$3.3,($2.0),$3.9,$15.0,$19.8
Foo,Justin Upton,Tigers,OF,90.4,601,($2.3),$3.5,$1.9,$0.3,$3.8,($0.6),$6.7,$12.0,$19.7
Foo,Edwin Encarnacion,Indians,1B/DH,24.4,572,($3.4),$4.7,$1.8,($2.7),$5.0,$1.2,$6.6,$12.1,$19.6
Foo,Eric Thames,Brewers,OF,194.9,511,$0.1,$1.5,($1.3),$1.3,$3.8,$1.1,$6.5,$12.0,$19.5
Foo,Eric Hosmer,Royals,1B,102.4,627,$1.6,$3.1,$1.2,($1.5),$1.0,$0.6,$6.1,$12.1,$19.2
Foo,Jonathan Lucroy,Rangers,C,63.3,512,$1.7,($1.8),($2.9),($2.3),($2.4),$1.0,($6.8),$24.7,$18.9
Foo,Jose Bautista,Blue Jays,OF/DH,90.8,544,($4.0),$2.1,$1.6,($2.1),$3.9,$3.9,$5.4,$12.0,$18.5
Foo,Hanley Ramirez,Red Sox,1B,76.8,522,$1.9,$2.2,($0.6),($1.1),$1.5,$1.4,$5.2,$12.1,$18.3
Foo,Kyle Schwarber,Cubs,OF,74.4,539,($1.2),$0.4,$1.7,($1.0),$3.6,$1.6,$5.1,$12.0,$18.1
Foo,Ian Desmond,Rockies,OF,143.7,569,$1.9,$1.2,$0.1,$1.6,$0.5,($0.6),$4.7,$12.0,$17.7
Foo,Dustin Pedroia,Red Sox,2B,131.1,611,$3.9,($2.3),$2.8,($1.1),($3.7),$2.1,$1.7,$15.0,$17.7
Foo,Kyle Seager,Mariners,3B,62.3,606,($0.8),$2.8,$1.3,($1.9),$2.2,$0.4,$4.0,$12.4,$17.4
Foo,Chris Davis,Orioles,1B,72.1,612,($8.5),$5.7,$3.4,($2.8),$7.7,($1.2),$4.2,$12.1,$17.3
Foo,J.D. Martinez,Tigers,OF,119.3,563,$0.8,$2.6,$0.9,($2.2),$2.6,($0.6),$4.0,$12.0,$17.0
Foo,Adam Eaton,Nationals,OF,121.8,651,$3.9,($3.5),$4.3,$1.7,($4.7),$2.3,$4.0,$12.0,$17.0
Foo,Anthony Rendon,Nationals,3B,96.3,587,$1.0,$0.1,$1.3,$0.0,($0.8),$1.9,$3.4,$12.4,$16.8
Foo,Adam Jones,Orioles,OF,100.0,631,($0.2),$3.3,$3.3,($2.3),$4.0,($4.8),$3.3,$12.0,$16.4
Foo,Trevor Story,Rockies,SS,34.5,545,($2.0),$1.3,($0.8),$1.3,$1.8,($2.0),($0.3),$15.0,$15.6
Foo,A.J. Pollock,Diamondbacks,OF,40.0,576,$2.0,($3.1),$0.8,$4.8,($2.4),($0.1),$2.0,$12.0,$15.1
Foo,Wil Myers,Padres,1B,54.0,599,($3.2),$0.8,$0.0,$3.0,$2.1,($1.1),$1.7,$12.1,$14.7
Foo,Mark Trumbo,Orioles,OF/DH,78.7,554,($2.5),$4.2,$0.4,($2.8),$5.7,($3.4),$1.6,$12.0,$14.7
Foo,Yoenis Cespedes,Mets,OF,51.8,585,($1.5),$3.4,$0.2,($1.9),$4.1,($2.9),$1.4,$12.0,$14.5
Foo,Maikel Franco,Phillies,3B,131.1,597,$0.1,$3.2,$0.0,($2.6),$3.1,($2.7),$1.1,$12.4,$14.5
Foo,Evan Longoria,Rays,3B,96.3,626,($1.7),$3.7,$1.1,($2.5),$3.0,($2.7),$0.9,$12.4,$14.3
Foo,Justin Turner,Dodgers,3B,105.6,573,$1.4,$0.8,($0.3),($1.9),($0.2),$0.5,$0.3,$12.4,$13.7
Foo,Aledmys Diaz,Cardinals,SS,137.5,555,$2.3,($1.8),($0.3),($0.9),($1.6),$0.1,($2.3),$15.0,$13.6
Foo,Gregory Polanco,Pirates,OF,73.9,602,($1.2),($0.3),$0.7,$3.5,($0.8),($1.3),$0.5,$12.0,$13.6
Foo,Albert Pujols,Angels,1B/DH,134.1,549,($0.9),$3.4,($0.8),($2.4),$3.3,($2.3),$0.3,$12.1,$13.4
Foo,Jean Segura,Mariners,2B/SS,63.3,634,$0.5,($2.5),$1.2,$5.4,($3.4),($4.2),($2.9),$15.0,$13.1
Foo,Dee Gordon,Marlins,2B,65.6,623,$1.7,($7.1),$0.6,$13.3,($8.0),($3.4),($3.0),$15.0,$13.0
Foo,Jason Kipnis,Indians,2B,152.1,594,($0.8),($1.8),$1.4,$0.9,($2.9),$0.0,($3.2),$15.0,$12.8
Foo,Ian Kinsler,Tigers,2B,72.8,633,($0.7),($0.5),$2.4,$0.3,($1.3),($3.4),($3.2),$15.0,$12.7
Foo,Jose Ramirez,Indians,3B/OF,110.5,567,$3.2,($1.9),($1.8),$3.6,($4.5),$0.4,($0.9),$12.4,$12.5
Foo,Khris Davis,Athletics,OF/DH,96.7,597,($5.2),$4.8,$0.9,($2.1),$5.6,($4.5),($0.6),$12.0,$12.4
Foo,Alex Bregman,Astros,3B,82.1,584,($0.9),$0.5,$0.7,($0.3),($0.1),($1.7),($1.9),$12.4,$11.5
Foo,Mike Moustakas,Royals,3B,208.4,563,($0.8),$0.8,$0.5,($2.3),$1.7,($1.8),($1.9),$12.4,$11.5
Foo,Todd Frazier,White Sox,3B,74.4,617,($7.0),$3.5,$0.5,$0.8,$4.5,($4.9),($2.6),$12.4,$10.8
Foo,Odubel Herrera,Phillies,OF,139.3,640,$0.5,($3.2),$0.6,$3.7,($3.7),($0.3),($2.4),$12.0,$10.6
Foo,Kole Calhoun,Angels,OF,168.3,636,($2.2),$1.0,$2.5,($2.0),$0.3,($2.1),($2.5),$12.0,$10.5
Foo,Matt Kemp,Braves,OF,94.7,590,($0.6),$3.0,($1.5),($2.2),$2.0,($3.3),($2.6),$12.0,$10.5
Foo,Yasmani Grandal,Dodgers,C,157.6,457,($5.3),($2.9),($5.4),($2.5),$0.1,$0.5,($15.4),$24.7,$10.3
Foo,Melky Cabrera,White Sox,OF,230.8,603,$3.9,($0.4),($0.9),($2.5),($2.8),($0.2),($2.9),$12.0,$10.1
Foo,Yasiel Puig,Dodgers,OF,211.7,484,$2.2,($1.7),($3.6),($1.0),($0.5),$1.2,($3.4),$12.0,$9.7
Foo,Brandon Belt,Giants,1B,164.6,593,($2.2),($0.4),($0.2),($1.9),($1.3),$2.5,($3.5),$12.1,$9.6
Foo,Stephen Piscotty,Cardinals,OF,122.6,613,($0.7),$1.1,($0.6),($0.9),($1.2),($1.4),($3.6),$12.0,$9.4
Foo,Willson Contreras,Cubs,C/OF,99.7,443,($0.1),($4.1),($7.2),($1.7),($3.2),($0.5),($16.8),$24.7,$8.9
Foo,Shin-Soo Choo,Rangers,OF,308.7,537,($2.1),($3.1),$0.1,($0.4),($1.7),$2.9,($4.3),$12.0,$8.7
Foo,Miguel Sano,Twins,3B/OF/DH,120.1,534,($5.5),$2.0,($0.9),($2.6),$3.9,($1.2),($4.4),$12.0,$8.7
Foo,Salvador Perez,Royals,C,189.9,487,($1.4),($1.6),($5.5),($3.0),($0.3),($5.5),($17.4),$24.7,$8.3
Foo,Gregory Bird,Yankees,1B,199.2,474,($1.1),($0.6),($3.1),($2.3),$1.7,$0.5,($4.9),$12.1,$8.1
Foo,Matt Holliday,Yankees,OF,261.0,485,$0.1,($0.9),($3.1),($2.8),($0.1),$1.9,($4.9),$12.0,$8.1
Foo,Joc Pederson,Dodgers,OF,200.9,524,($5.7),($0.6),($2.0),($0.7),$2.5,$1.6,($4.9),$12.0,$8.1
Foo,Lorenzo Cain,Royals,OF,127.1,549,$2.4,($2.7),($2.7),$2.6,($4.0),($0.6),($5.0),$12.0,$8.1
Foo,Dexter Fowler,Cardinals,OF,160.3,608,($3.3),($5.3),$2.5,$1.5,($3.4),$2.9,($5.1),$12.0,$7.9
Foo,Marcell Ozuna,Marlins,OF,178.0,560,$0.3,$1.2,($2.3),($2.4),$0.1,($2.1),($5.2),$12.0,$7.9
Foo,Yadier Molina,Cardinals,C,219.5,490,$2.4,($4.2),($7.1),($2.4),($5.5),($1.1),($17.8),$24.7,$7.9
Foo,Stephen Vogt,Athletics,C/DH,230.4,503,($1.9),($3.7),($4.5),($2.9),($2.7),($2.5),($18.2),$24.7,$7.5
Foo,Logan Forsythe,Dodgers,2B,209.7,588,($2.9),($2.9),$0.6,($0.3),($1.0),($2.0),($8.5),$15.0,$7.4
Foo,Ben Zobrist,Cubs,2B/OF,141.6,537,($0.3),($3.3),($0.8),($1.5),($3.1),$3.3,($5.7),$12.0,$7.4
Foo,Andrew Benintendi,Red Sox,OF,108.6,530,$2.2,($2.6),($1.6),$1.4,($4.5),($0.5),($5.7),$12.0,$7.4
Foo,Tommy Joseph,Phillies,1B,213.8,532,($2.4),$2.1,($2.8),($2.4),$4.0,($4.7),($6.2),$12.1,$6.9
Foo,Kevin Kiermaier,Rays,OF,194.8,599,($2.2),($2.6),$0.0,$4.1,($2.4),($3.1),($6.3),$12.0,$6.8
Foo,Adrian Gonzalez,Dodgers,1B,157.4,574,($1.8),$1.1,($1.8),($2.9),$0.2,($1.3),($6.5),$12.1,$6.5
Foo,Evan Gattis,Astros,C/DH,160.9,413,($4.1),($2.6),($6.5),($2.8),$1.0,($4.4),($19.4),$24.7,$6.3
Foo,Brad Miller,Rays,1B/SS,148.6,558,($4.0),($0.5),($1.7),($0.6),$0.2,($3.2),($9.7),$15.0,$6.2
Foo,Jake Lamb,Diamondbacks,3B,141.5,579,($3.6),$0.4,($1.1),($1.7),$0.3,($1.6),($7.3),$12.4,$6.1
Foo,Nomar Mazara,Rangers,OF,198.8,543,$0.2,($0.7),($2.3),($2.5),($0.5),($1.4),($7.4),$12.0,$5.7
Foo,Elvis Andrus,Rangers,SS,176.7,547,$1.2,($4.5),($3.9),$4.1,($6.6),($0.6),($10.3),$15.0,$5.6
Foo,Domingo Santana,Brewers,OF,274.4,520,($3.3),($1.3),($3.0),($1.2),$0.9,$0.2,($7.9),$12.0,$5.2
Foo,Cesar Hernandez,Phillies,2B,282.7,633,($0.3),($6.1),($0.7),$3.0,($7.0),$0.2,($10.8),$15.0,$5.1
Foo,Jonathan Schoop,Orioles,2B,158.6,553,($2.0),$0.7,($2.3),($2.4),$1.7,($6.5),($10.9),$15.0,$5.1
Foo,Neil Walker,Mets,2B,236.1,512,($1.8),($1.7),($3.8),($2.3),$0.0,($1.2),($10.9),$15.0,$5.1
Foo,Marcus Semien,Athletics,SS,210.9,582,($4.6),($0.6),($1.8),($0.2),$0.1,($4.0),($11.0),$15.0,$4.9
Foo,Tim Anderson,White Sox,SS,176.1,632,($0.5),($3.2),($0.7),$4.3,($3.9),($7.1),($11.1),$15.0,$4.9
Foo,Troy Tulowitzki,Blue Jays,SS,136.1,495,($2.0),($1.5),($3.2),($2.9),$0.0,($1.6),($11.2),$15.0,$4.8
Foo,Josh Bell,Pirates,1B,259.0,512,$1.7,($3.8),($3.5),($1.3),($3.6),$1.8,($8.6),$12.1,$4.4
Foo,Max Kepler,Twins,OF,230.7,545,($1.8),($1.2),($2.6),($0.3),($1.5),($1.2),($8.6),$12.0,$4.4
Foo,Mike Napoli,Rangers,1B/DH,215.9,536,($6.7),$0.4,($1.5),($2.2),$2.1,($0.7),($8.6),$12.1,$4.4
Foo,Jackie Bradley Jr.,Red Sox,OF,128.4,538,($2.0),($1.5),($2.0),($0.9),($1.9),($0.4),($8.8),$12.0,$4.3
Foo,J.T. Realmuto,Marlins,C,134.3,452,$0.5,($5.4),($8.6),($0.3),($4.9),($2.8),($21.6),$24.7,$4.1
Foo,Carlos Gomez,Rangers,OF,163.2,543,($3.5),($3.3),($1.1),$3.7,($1.7),($3.3),($9.0),$12.0,$4.0
Foo,Curtis Granderson,Mets,OF,236.1,593,($7.3),($2.1),$1.0,($1.3),$1.4,($1.1),($9.2),$12.0,$3.8
Foo,Billy Hamilton,Reds,OF,95.5,573,($4.9),($7.8),($1.8),$17.1,($6.2),($5.7),($9.3),$12.0,$3.8
Foo,Ender Inciarte,Braves,OF,222.7,618,$1.8,($6.2),($0.3),$3.4,($6.3),($1.6),($9.3),$12.0,$3.8
Foo,Jason Heyward,Cubs,OF,267.5,518,($0.5),($3.2),($4.3),$0.7,($3.4),$0.8,($9.8),$12.0,$3.2
Foo,Carlos Beltran,Astros,OF/DH,207.5,511,($0.4),($0.2),($3.3),($3.0),($0.4),($2.6),($9.9),$12.0,$3.2
Foo,Brett Gardner,Yankees,OF,270.3,561,($2.5),($4.7),($0.2),$1.0,($3.8),($0.2),($10.3),$12.0,$2.7
Foo,Russell Martin,Blue Jays,C,180.9,455,($6.7),($4.6),($6.3),($2.3),($1.5),($1.6),($23.0),$24.7,$2.7
Foo,Victor Martinez,Tigers,DH,218.5,570,$2.1,$1.9,($0.6),($3.1),$0.4,$0.5,$1.2,$0.3,$2.5
Foo,Ryon Healy,Athletics,3B,202.4,561,$0.7,($0.3),($3.0),($2.8),($1.3),($4.3),($11.1),$12.4,$2.3
Foo,Addison Russell,Cubs,SS,117.1,558,($4.7),($0.7),($3.3),($1.5),($0.7),($3.0),($14.0),$15.0,$2.0
Foo,Denard Span,Giants,OF,315.2,573,$0.9,($6.5),($0.8),$1.5,($5.8),($0.5),($11.1),$12.0,$1.9
Foo,Justin Bour,Marlins,1B,298.3,484,($1.0),($1.6),($5.1),($2.8),($0.1),($0.5),($11.2),$12.1,$1.9
Foo,David Peralta,Diamondbacks,OF,264.5,529,$0.3,($2.2),($3.5),($1.1),($2.5),($2.2),($11.4),$12.0,$1.7
Foo,Dansby Swanson,Braves,SS,173.8,594,($2.7),($3.6),($1.9),($0.1),($3.2),($3.1),($14.5),$15.0,$1.5
Foo,Devon Travis,Blue Jays,2B,213.9,509,$0.5,($4.9),($2.6),($1.1),($3.5),($3.0),($14.5),$15.0,$1.4
Foo,Rajai Davis,Athletics,OF,234.0,546,($4.1),($5.3),($2.1),$9.0,($4.0),($5.5),($11.9),$12.0,$1.1
Foo,Starlin Castro,Yankees,2B,245.0,559,($0.9),($1.3),($3.7),($1.9),($1.9),($5.2),($15.0),$15.0,$1.0
Foo,Michael Brantley,Indians,OF,183.6,418,$2.9,($4.9),($6.6),($0.9),($4.6),$1.9,($12.0),$12.0,$1.0
Foo,Kendrys Morales,Blue Jays,DH,151.7,568,($1.1),$3.0,$0.0,($3.1),$2.5,($1.6),($0.3),$0.3,$1.0
Foo,Nick Markakis,Braves,OF,307.0,612,($0.2),($3.3),($2.1),($2.6),($4.7),$0.8,($12.0),$12.0,$1.0
Foo,Joe Mauer,Twins,1B/DH,353.0,522,$0.3,($4.1),($3.5),($2.7),($4.8),$2.6,($12.1),$12.1,$1.0
Foo,Nick Castellanos,Tigers,3B,185.6,520,($0.9),($1.5),($3.6),($2.5),($1.1),($2.9),($12.4),$12.4,$1.0
Foo,Jose Peraza,Reds,SS/OF,126.0,497,$2.1,($7.3),($6.2),$6.4,($6.8),($3.2),($15.0),$15.0,$1.0
Foo,Joe Panik,Giants,2B,293.0,534,$1.0,($4.9),($4.2),($1.9),($5.3),$0.3,($15.0),$15.0,$1.0
Foo,Brian McCann,Astros,C/DH,207.6,433,($6.3),($4.2),($6.9),($3.0),($0.9),($3.4),($24.7),$24.7,$1.0
Foo,Didi Gregorius,Yankees,SS,262.3,560,($1.7),($2.0),($3.4),($1.5),($2.6),($4.3),($15.4),$15.0,$0.6
Foo,Josh Reddick,Astros,OF,302.8,449,($0.6),($3.0),($5.4),($1.3),($1.3),($0.9),($12.5),$12.0,$0.6
Foo,Martin Prado,Marlins,3B,311.5,554,$2.2,($4.5),($2.7),($2.6),($5.0),($0.6),($13.2),$12.4,$0.2
Foo,Javier Baez,Cubs,2B/3B/SS,123.0,460,($2.1),($2.7),($6.6),$0.4,($0.9),($4.3),($16.1),$15.0,($0.2)
Foo,Brandon Moss,Royals,1B/OF,320.9,514,($6.1),($0.3),($3.0),($2.8),$2.0,($3.1),($13.3),$12.0,($0.3)
Foo,Eduardo Nunez,Giants,3B/SS,113.7,480,($0.6),($5.4),($7.0),$5.1,($4.8),($3.7),($16.4),$15.0,($0.5)
Foo,Jacoby Ellsbury,Yankees,OF,240.7,531,($1.9),($5.4),($2.3),$3.1,($4.6),($2.5),($13.6),$12.0,($0.5)
Foo,Hunter Pence,Giants,OF,198.2,486,($0.9),($2.2),($5.2),($2.3),($1.6),($1.7),($13.8),$12.0,($0.7)
Foo,Brandon Crawford,Giants,SS,201.9,579,($3.6),($2.0),($4.1),($1.6),($3.3),($2.4),($16.9),$15.0,($0.9)
Foo,David Dahl,Rockies,OF,131.6,461,$0.1,($3.5),($6.3),$1.1,($2.9),($2.4),($14.0),$12.0,($1.0)
Foo,Howie Kendrick,Phillies,2B/OF,313.7,489,$1.5,($6.0),($6.2),($1.0),($5.1),($0.6),($17.3),$15.0,($1.3)
Foo,Kevin Pillar,Blue Jays,OF,296.1,520,$0.8,($3.7),($4.7),$1.3,($4.9),($3.9),($15.0),$12.0,($2.0)
Foo,Yasmany Tomas,Diamondbacks,OF,185.0,474,($0.8),($1.7),($6.0),($2.0),($0.4),($4.1),($15.0),$12.0,($2.0)
Foo,Lucas Duda,Mets,1B,315.6,449,($4.5),($2.7),($5.7),($2.8),$0.5,$0.1,($15.1),$12.1,($2.0)
Foo,Yunel Escobar,Angels,3B,501.6,540,$1.5,($5.6),($3.3),($2.3),($5.6),($0.2),($15.4),$12.4,($2.0)
Foo,Randal Grichuk,Cardinals,OF,221.1,497,($4.3),($0.2),($4.9),($1.3),$1.4,($5.9),($15.2),$12.0,($2.1)
Foo,Adam Duvall,Reds,OF,150.3,538,($7.5),$1.5,($3.5),($1.6),$3.5,($7.5),($15.2),$12.0,($2.1)
Foo,Hyun Soo Kim,Orioles,OF,436.4,408,$1.6,($6.5),($6.1),($1.7),($3.8),$1.1,($15.4),$12.0,($2.4)
Foo,Francisco Cervelli,Pirates,C,276.7,397,($0.6),($8.7),($10.9),($2.0),($7.4),$1.5,($28.1),$24.7,($2.4)
Foo,Seth Smith,Orioles,OF,502.2,437,($1.6),($4.8),($4.8),($3.0),($2.2),$0.8,($15.6),$12.0,($2.5)
Foo,Welington Castillo,Orioles,C,220.8,377,($3.1),($6.7),($9.4),($2.8),($3.3),($3.0),($28.2),$24.7,($2.5)
Foo,Eugenio Suarez,Reds,3B,282.9,550,($4.5),($1.7),($4.8),($0.5),($0.7),($3.9),($16.1),$12.4,($2.7)
Foo,Jedd Gyorko,Cardinals,2B/3B/SS,237.1,458,($3.6),($2.4),($6.7),($2.8),$0.3,($3.6),($18.8),$15.0,($2.9)
Foo,Corey Dickerson,Rays,OF/DH,262.5,528,($3.7),($1.1),($3.8),($2.3),$0.1,($5.2),($15.9),$12.0,($2.9)
Foo,Jayson Werth,Nationals,OF,337.4,481,($2.4),($4.2),($4.9),($2.1),($2.5),$0.2,($15.9),$12.0,($2.9)
Foo,Alex Gordon,Royals,OF,312.7,527,($4.4),($3.7),($3.8),($1.3),($2.3),($0.9),($16.3),$12.0,($3.3)
Foo,Yangervis Solarte,Padres,3B,249.6,518,($0.5),($3.4),($5.7),($2.7),($3.0),($1.8),($17.0),$12.4,($3.6)
Foo,Jose Iglesias,Tigers,SS,552.9,468,$1.9,($6.5),($6.7),$0.2,($7.0),($1.5),($19.6),$15.0,($3.6)
Foo,Kolten Wong,Cardinals,2B,319.9,467,($1.2),($5.4),($7.2),$0.0,($4.4),($1.5),($19.8),$15.0,($3.8)
Foo,Josh Harrison,Pirates,2B,278.9,481,$1.4,($5.9),($7.1),$1.2,($6.2),($3.3),($19.8),$15.0,($3.9)
Foo,Matt Wieters,Nationals,C,229.1,370,($2.7),($6.6),($10.5),($2.9),($3.7),($3.4),($29.7),$24.7,($4.0)
Foo,Asdrubal Cabrera,Mets,SS,270.0,519,($4.0),($3.6),($4.7),($1.8),($1.9),($4.2),($20.1),$15.0,($4.1)
Foo,Yulieski Gurriel,Astros,3B,273.8,436,$0.8,($4.6),($6.8),($1.7),($3.6),($1.8),($17.7),$12.4,($4.3)
Foo,Jorge Polanco,Twins,SS,341.7,463,($0.3),($5.8),($6.6),$0.2,($5.3),($2.7),($20.5),$15.0,($4.6)
Foo,Alcides Escobar,Royals,SS,329.9,623,($1.8),($5.5),($2.1),$2.6,($6.9),($6.9),($20.5),$15.0,($4.6)
Foo,Avisail Garcia,White Sox,OF/DH,514.3,485,($1.6),($3.8),($6.3),($1.1),($2.2),($2.6),($17.6),$12.0,($4.6)
Foo,Travis Jankowski,Padres,OF,287.0,585,($4.7),($7.7),($4.2),$8.9,($6.9),($3.5),($18.0),$12.0,($5.0)
Foo,Keon Broxton,Brewers,OF,189.8,534,($9.3),($4.8),($3.9),$7.3,($2.1),($5.2),($18.1),$12.0,($5.0)
Foo,Jarrod Dyson,Mariners,OF,269.2,430,($1.5),($9.4),($6.4),$8.9,($7.7),($2.2),($18.3),$12.0,($5.2)
Foo,Matt Duffy,Rays,3B,340.5,505,$0.2,($5.2),($5.9),$0.0,($5.2),($2.6),($18.7),$12.4,($5.3)
Foo,Byron Buxton,Twins,OF,156.5,512,($5.2),($3.7),($4.0),$2.4,($2.1),($5.8),($18.5),$12.0,($5.4)
Foo,Andrelton Simmons,Angels,SS,431.5,496,$0.0,($5.1),($6.7),($1.1),($5.8),($2.8),($21.5),$15.0,($5.6)
Foo,Steve Pearce,Blue Jays,1B,362.9,378,($1.6),($5.1),($7.7),($2.5),($1.8),($0.6),($19.2),$12.1,($6.1)
Foo,Ryan Zimmerman,Nationals,1B,380.3,413,($1.6),($3.7),($7.7),($2.4),($1.9),($2.1),($19.3),$12.1,($6.2)
Foo,Mike Zunino,Mariners,C,297.4,373,($6.9),($6.2),($9.5),($2.9),($1.5),($5.1),($32.1),$24.7,($6.4)
Foo,Jay Bruce,Mets,OF,188.5,488,($6.5),($1.5),($5.2),($1.7),$0.6,($5.1),($19.5),$12.0,($6.4)
Foo,Ryan Schimpf,Padres,2B,278.1,503,($9.4),($2.1),($5.3),($2.5),$1.1,($4.4),($22.5),$15.0,($6.6)
Foo,Hunter Renfroe,Padres,OF,203.2,542,($4.6),($0.8),($5.2),($2.1),$0.5,($7.6),($19.7),$12.0,($6.7)
Foo,Wilson Ramos,Rays,C,312.0,315,($1.8),($8.3),($12.0),($3.1),($3.8),($3.3),($32.4),$24.7,($6.7)
Foo,C.J. Cron,Angels,1B,255.6,411,($1.0),($3.8),($7.5),($2.4),($1.7),($3.4),($19.8),$12.1,($6.7)
Foo,Michael Saunders,Phillies,OF,351.3,483,($5.2),($3.4),($5.8),($2.3),($1.3),($1.7),($19.8),$12.0,($6.8)
Foo,Travis d'Arnaud,Mets,C,283.4,318,($2.0),($8.8),($12.4),($3.0),($4.7),($1.7),($32.5),$24.7,($6.8)
Foo,Jorge Soler,Royals,OF,278.6,429,($2.2),($4.7),($7.1),($2.6),($2.3),($0.9),($19.9),$12.0,($6.9)
Foo,Scott Schebler,Reds,OF,406.0,446,($3.0),($3.5),($7.2),($1.5),($1.2),($3.5),($19.9),$12.0,($6.9)
Foo,Pablo Sandoval,Red Sox,3B,316.3,419,$0.2,($4.8),($7.5),($2.7),($3.8),($1.7),($20.3),$12.4,($6.9)
Foo,Chase Headley,Yankees,3B,491.6,479,($3.3),($4.7),($5.8),($1.7),($3.3),($1.6),($20.5),$12.4,($7.1)
Foo,Brandon Drury,Diamondbacks,3B/OF,245.9,489,($0.6),($3.8),($7.0),($2.3),($3.4),($3.4),($20.6),$12.4,($7.2)
Foo,Matt Joyce,Athletics,OF,584.3,485,($6.3),($4.9),($5.0),($2.3),($2.7),$0.9,($20.3),$12.0,($7.3)
Foo,Austin Hedges,Padres,C,295.4,407,($4.1),($6.5),($10.9),($2.5),($3.3),($6.0),($33.2),$24.7,($7.5)
Foo,Aaron Judge,Yankees,OF,288.7,389,($3.2),($5.0),($7.5),($2.0),($1.1),($1.8),($20.6),$12.0,($7.5)
Foo,Mitch Haniger,Mariners,OF,271.1,470,($3.7),($4.2),($6.3),($1.1),($2.2),($3.2),($20.7),$12.0,($7.7)
Foo,Logan Morrison,Rays,1B,680.6,425,($3.6),($5.3),($7.0),($1.5),($1.8),($2.0),($21.3),$12.1,($8.2)
Foo,Trevor Plouffe,Athletics,3B,448.9,484,($3.9),($3.4),($6.1),($2.7),($1.8),($3.9),($21.8),$12.4,($8.4)
Foo,Chris Carter,Yankees,1B,258.2,392,($7.0),($3.8),($6.9),($2.6),$1.1,($2.4),($21.6),$12.1,($8.5)
Foo,Manuel Margot,Padres,OF,247.0,533,($2.3),($6.7),($5.8),$4.5,($5.8),($5.4),($21.5),$12.0,($8.5)
Foo,Tyler Naquin,Indians,OF,317.6,419,($1.5),($6.1),($7.8),($0.4),($4.6),($1.4),($21.8),$12.0,($8.7)
Foo,Mitch Moreland,Red Sox,1B,309.8,423,($2.5),($4.5),($7.1),($2.9),($2.5),($2.5),($22.0),$12.1,($8.9)
Foo,Yonder Alonso,Athletics,1B,622.1,433,$0.2,($6.5),($8.0),($2.2),($5.5),($0.2),($22.1),$12.1,($9.1)
Foo,Yan Gomes,Indians,C,309.3,341,($4.3),($7.6),($10.9),($2.6),($4.0),($5.5),($35.0),$24.7,($9.3)
Foo,Orlando Arcia,Brewers,SS,288.2,538,($5.0),($4.7),($6.8),$2.4,($4.4),($6.9),($25.5),$15.0,($9.5)
Foo,Jason Castro,Twins,C,356.4,375,($6.3),($8.1),($10.4),($2.6),($4.7),($3.7),($35.7),$24.7,($10.0)
Foo,Jhonny Peralta,Cardinals,3B,432.8,450,($1.7),($4.8),($8.1),($2.7),($3.8),($2.3),($23.5),$12.4,($10.1)
Foo,Cameron Rupp,Phillies,C,271.7,332,($4.4),($8.3),($12.5),($2.9),($4.1),($4.3),($36.5),$24.7,($10.8)
Foo,Cameron Maybin,Angels,OF,306.3,445,($2.0),($7.3),($7.9),$1.3,($6.2),($2.0),($24.1),$12.0,($11.0)
Foo,Steven Souza Jr.,Rays,OF,344.8,463,($6.3),($4.8),($7.2),$0.0,($1.7),($4.2),($24.1),$12.0,($11.1)
Foo,Chris Owings,Diamondbacks,SS/OF,308.3,441,($1.4),($7.1),($9.4),$1.5,($6.3),($4.4),($27.2),$15.0,($11.2)
Foo,Jordy Mercer,Pirates,SS,574.8,457,($1.5),($6.2),($9.2),($2.6),($5.5),($2.3),($27.2),$15.0,($11.3)
Foo,Zack Cozart,Reds,SS,365.1,483,($4.3),($6.1),($6.5),($1.8),($3.6),($5.3),($27.6),$15.0,($11.6)
Foo,Brandon Phillips,Braves,2B,288.0,405,$0.3,($7.5),($10.7),($0.3),($6.1),($3.4),($27.7),$15.0,($11.7)
Foo,Travis Shaw,Brewers,1B/3B,305.2,402,($3.8),($5.4),($9.1),($2.3),($1.8),($2.9),($25.2),$12.4,($11.8)
Foo,Jose Reyes,Mets,3B,246.2,452,($2.5),($8.6),($6.3),$1.6,($5.5),($3.9),($25.3),$12.4,($11.9)
Foo,Christian Vazquez,Red Sox,C,632.6,264,($1.2),($11.4),($13.5),($2.3),($7.7),($1.6),($37.7),$24.7,($12.0)
Foo,James McCann,Tigers,C,323.3,329,($3.5),($9.2),($12.1),($2.8),($6.0),($4.5),($38.1),$24.7,($12.4)
Foo,Derek Norris,Rays,C,324.7,309,($5.1),($9.9),($12.6),($1.9),($5.3),($3.4),($38.1),$24.7,($12.4)
Foo,Byung-ho Park,Twins,1B/DH,476.7,344,($4.3),($5.9),($9.4),($2.5),($0.9),($2.7),($25.7),$12.1,($12.6)
Foo,Leonys Martin,Mariners,OF,284.1,461,($4.8),($6.5),($7.3),$2.9,($4.8),($5.3),($25.7),$12.0,($12.7)
Foo,Hernan Perez,Brewers,3B/OF,241.6,421,($1.6),($6.9),($10.3),$3.5,($5.5),($5.3),($26.2),$12.4,($12.8)
Foo,Lonnie Chisenhall,Indians,OF,536.0,389,($1.1),($6.4),($9.1),($2.1),($4.6),($2.5),($25.8),$12.0,($12.8)
Foo,Devin Mesoraco,Reds,C,291.5,257,($4.0),($10.3),($14.3),($2.5),($5.0),($2.5),($38.6),$24.7,($12.9)
Foo,Tyler Flowers,Braves,C,333.3,309,($3.8),($9.7),($13.6),($3.1),($5.3),($3.3),($38.7),$24.7,($12.9)
Foo,Michael Conforto,Mets,OF,303.8,334,($1.5),($7.3),($10.7),($2.4),($3.3),($1.0),($26.3),$12.0,($13.2)
Foo,David Freese,Pirates,1B/3B,545.2,419,($2.3),($6.2),($9.3),($2.9),($4.4),($1.6),($26.8),$12.4,($13.4)
Foo,Danny Valencia,Mariners,3B/OF,313.0,386,($2.2),($6.2),($9.4),($2.8),($3.3),($3.2),($27.0),$12.4,($13.6)
Foo,Tony Wolters,Rockies,C,450.9,311,($2.9),($10.8),($13.8),($2.0),($7.4),($2.5),($39.5),$24.7,($13.8)
Foo,Brock Holt,Red Sox,OF,620.4,396,$0.0,($8.4),($9.1),($1.2),($7.6),($0.6),($26.8),$12.0,($13.8)
Foo,Tom Murphy,Rockies,C,323.5,164,($0.7),($12.1),($16.5),($2.9),($6.0),($1.5),($39.7),$24.7,($14.0)
Foo,Nori Aoki,Astros,OF,652.3,362,$0.0,($9.3),($9.5),($0.3),($7.2),($0.7),($27.1),$12.0,($14.0)
Foo,Alex Dickerson,Padres,OF,399.8,334,$0.1,($8.1),($11.2),($2.5),($4.6),($0.9),($27.1),$12.0,($14.1)
Foo,Jurickson Profar,Rangers,3B,315.2,360,($1.4),($8.3),($9.6),($1.5),($5.6),($1.2),($27.5),$12.4,($14.1)
Foo,Andrew Toles,Dodgers,OF,336.5,336,$0.6,($9.0),($11.5),$1.0,($6.3),($2.2),($27.4),$12.0,($14.4)
Foo,J.J. Hardy,Orioles,SS,554.0,430,($3.1),($6.2),($8.6),($2.9),($4.4),($5.3),($30.5),$15.0,($14.5)
Foo,Luis Valbuena,Angels,3B,592.2,425,($6.2),($5.8),($7.9),($2.7),($3.1),($2.4),($27.9),$12.4,($14.5)
Foo,Sandy Leon,Red Sox,C,290.8,266,($2.8),($11.4),($13.7),($2.8),($7.4),($2.4),($40.4),$24.7,($14.7)
Foo,Adeiny Hechavarria,Marlins,SS,639.4,527,($1.5),($6.1),($9.0),($2.2),($7.4),($4.6),($30.7),$15.0,($14.8)
Foo,Chris Young,Red Sox,OF,790.5,316,($2.3),($7.7),($10.5),($1.9),($4.1),($1.6),($28.2),$12.0,($15.1)
Foo,Dan Vogelbach,Mariners,1B/DH,398.8,352,($3.0),($7.9),($10.1),($2.9),($4.1),($0.2),($28.2),$12.1,($15.2)
Foo,Adonis Garcia,Braves,3B,328.3,384,($0.1),($7.0),($11.0),($2.3),($4.8),($3.6),($28.7),$12.4,($15.3)
Foo,Robbie Grossman,Twins,OF,683.7,367,($2.5),($8.9),($10.1),($1.5),($5.9),$0.4,($28.5),$12.0,($15.4)
Foo,Wilmer Flores,Mets,1B/3B,453.5,330,($0.8),($7.4),($11.6),($2.8),($3.5),($2.8),($28.8),$12.4,($15.4)
Foo,Colby Rasmus,Rays,OF,549.2,465,($8.5),($4.4),($7.2),($2.1),($0.7),($5.6),($28.6),$12.0,($15.6)
Foo,Jett Bandy,Brewers,C,377.4,241,($3.0),($11.2),($15.3),($2.7),($5.8),($3.4),($41.3),$24.7,($15.6)
Foo,Delino DeShields,Rangers,OF,447.3,342,($3.1),($10.5),($9.8),$3.2,($7.1),($1.3),($28.7),$12.0,($15.7)
Foo,Danny Espinosa,Angels,SS,385.7,511,($10.4),($4.6),($6.5),($1.1),($2.4),($6.7),($31.7),$15.0,($15.7)
Foo,Gerardo Parra,Rockies,OF,373.9,324,$0.7,($8.8),($11.6),($1.2),($6.1),($1.9),($28.9),$12.0,($15.9)
Foo,Eddie Rosario,Twins,OF,364.9,366,($1.6),($7.2),($10.3),($0.7),($4.5),($4.7),($29.0),$12.0,($15.9)
Foo,Angel Pagan,,OF,573.2,366,($0.2),($8.6),($11.3),($0.7),($6.4),($1.9),($29.0),$12.0,($16.0)
Foo,Andrew Susac,Brewers,C,540.7,215,($2.8),($12.0),($15.9),($3.1),($6.2),($1.8),($41.8),$24.7,($16.0)
Foo,Martin Maldonado,Angels,C,650.7,249,($4.2),($11.7),($14.5),($2.9),($6.5),($2.0),($41.8),$24.7,($16.1)
Foo,Derek Dietrich,Marlins,2B,613.0,307,($1.9),($9.5),($11.9),($2.8),($5.6),($0.6),($32.3),$15.0,($16.3)
Foo,Tucker Barnhart,Reds,C,476.1,250,($2.0),($12.2),($15.8),($3.0),($7.5),($1.6),($42.2),$24.7,($16.5)
Foo,John Jaso,Pirates,1B,738.0,321,($0.9),($9.7),($11.1),($2.4),($5.9),$0.3,($29.7),$12.1,($16.7)
Foo,Roberto Perez,Indians,C,675.3,227,($3.9),($12.4),($14.8),($2.6),($7.2),($1.6),($42.4),$24.7,($16.7)
Foo,Chris Iannetta,Diamondbacks,C,726.4,196,($2.7),($12.9),($16.3),($3.1),($6.9),($0.5),($42.4),$24.7,($16.7)
Foo,Jed Lowrie,Athletics,2B,629.4,374,($2.4),($8.9),($10.1),($2.7),($6.3),($2.2),($32.7),$15.0,($16.7)
Foo,Omar Narvaez,White Sox,C,714.6,250,($1.9),($12.6),($15.3),($2.9),($8.1),($1.9),($42.7),$24.7,($17.0)
Foo,Christian Bethancourt,Padres,C,789.9,218,($1.9),($12.2),($16.3),($2.4),($6.7),($3.3),($42.9),$24.7,($17.2)
Foo,Miguel Montero,Cubs,C,570.5,182,($2.2),($13.2),($16.7),($3.1),($7.2),($0.5),($42.9),$24.7,($17.2)
Foo,Aaron Hicks,Yankees,OF,671.8,325,($2.6),($9.1),($10.9),($1.1),($5.4),($1.4),($30.4),$12.0,($17.4)
Foo,Carlos Perez,Angels,C,999.0,214,($2.0),($12.5),($15.8),($2.6),($7.6),($2.8),($43.3),$24.7,($17.6)
Foo,Hector Sanchez,,C,980.3,163,($1.5),($13.1),($17.1),($3.0),($6.8),($1.9),($43.5),$24.7,($17.7)
Foo,Adam Frazier,Pirates,OF,604.9,330,$0.7,($11.1),($12.0),$0.9,($8.4),($1.0),($30.9),$12.0,($17.9)
Foo,Dioner Navarro,,C,837.0,181,($1.6),($13.1),($17.1),($2.9),($7.4),($1.9),($44.0),$24.7,($18.3)
Foo,Justin Smoak,Blue Jays,1B,615.4,345,($5.6),($7.4),($10.2),($2.8),($2.9),($2.6),($31.7),$12.1,($18.6)
Foo,Melvin Upton Jr.,Blue Jays,OF,356.4,338,($5.2),($8.3),($10.7),$1.0,($4.4),($4.2),($31.8),$12.0,($18.8)
Foo,Matt Adams,Cardinals,1B,539.3,261,($0.7),($9.0),($13.1),($2.9),($4.5),($1.8),($31.9),$12.1,($18.8)
Foo,Carlos Ruiz,Mariners,C,715.2,154,($1.1),($14.3),($17.6),($2.9),($8.4),($0.6),($44.9),$24.7,($19.2)
Foo,Austin Barnes,Dodgers,C/2B/3B,648.5,137,($0.9),($14.6),($18.3),($2.3),($8.2),($0.6),($45.0),$24.7,($19.3)
Foo,Paulo Orlando,Royals,OF,593.9,348,($0.1),($9.4),($11.8),($0.5),($7.1),($3.4),($32.4),$12.0,($19.3)
Foo,Chris Herrmann,Diamondbacks,C,316.8,200,($2.9),($13.0),($16.9),($2.5),($7.5),($2.3),($45.1),$24.7,($19.4)
Foo,Kennys Vargas,Twins,1B,496.5,266,($2.3),($9.5),($12.7),($3.1),($4.1),($0.7),($32.5),$12.1,($19.4)
Foo,Billy Butler,,1B/DH,863.0,260,$0.2,($10.1),($13.5),($3.2),($6.0),$0.0,($32.5),$12.1,($19.4)
Foo,Mac Williamson,Giants,OF,847.4,307,($2.0),($8.8),($12.7),($2.4),($4.7),($2.0),($32.6),$12.0,($19.6)
Foo,Brandon Guyer,Indians,OF,741.5,276,($0.5),($10.5),($12.8),($2.0),($6.8),$0.0,($32.7),$12.0,($19.6)
Foo,Kurt Suzuki,Braves,C,627.3,188,($1.4),($13.5),($17.4),($3.2),($8.1),($1.8),($45.4),$24.7,($19.7)
Foo,Alex Avila,Tigers,C,837.8,155,($2.9),($14.2),($17.3),($3.1),($7.6),($0.5),($45.6),$24.7,($19.9)
Foo,Tyler Saladino,White Sox,2B/SS,424.2,272,($1.8),($11.3),($13.5),$0.2,($6.9),($2.6),($36.0),$15.0,($20.0)
Foo,Josh Phegley,Athletics,C,717.5,129,($1.2),($14.3),($18.2),($3.1),($7.6),($1.6),($46.0),$24.7,($20.3)
Foo,Blake Swihart,Red Sox,C/OF,540.7,111,($0.3),($15.1),($18.7),($2.8),($8.7),($0.5),($46.1),$24.7,($20.4)
Foo,Ryan Rua,Rangers,1B/OF,612.6,277,($2.4),($9.6),($12.7),($1.7),($5.0),($2.3),($33.7),$12.0,($20.6)
Foo,Scooter Gennett,Reds,2B,595.4,310,($1.6),($10.4),($13.0),($2.1),($6.4),($3.2),($36.7),$15.0,($20.7)
Foo,Austin Romine,Yankees,C,822.4,122,($1.0),($14.7),($18.3),($2.8),($8.1),($1.5),($46.5),$24.7,($20.8)
Foo,Geovany Soto,White Sox,C,704.0,144,($2.6),($14.0),($17.8),($3.0),($7.1),($2.0),($46.5),$24.7,($20.8)
Foo,Arismendy Alcantara,Reds,2B/SS/OF/DH,867.0,302,($4.3),($10.2),($13.0),$1.0,($5.6),($4.8),($36.9),$15.0,($20.9)
Foo,Robinson Chirinos,Rangers,C,664.1,112,($1.8),($14.7),($18.4),($2.9),($7.6),($1.2),($46.7),$24.7,($21.0)
Foo,Eduardo Escobar,Twins,3B/SS,643.9,290,($1.6),($10.4),($13.2),($2.3),($6.9),($2.8),($37.2),$15.0,($21.2)
Foo,Jose Lobaton,Nationals,C,770.2,135,($1.5),($14.6),($18.5),($3.0),($8.2),($1.1),($46.9),$24.7,($21.2)
Foo,Alen Hanson,Pirates,2B,637.8,247,($1.7),($11.9),($14.9),$1.7,($7.6),($2.9),($37.3),$15.0,($21.4)
Foo,Jon Jay,Cubs,OF,642.8,329,($0.2),($10.4),($12.8),($2.3),($8.0),($0.7),($34.4),$12.0,($21.4)
Foo,Bruce Maxwell III,Athletics,C,525.4,119,($0.7),($15.1),($18.7),($3.1),($8.5),($0.9),($47.1),$24.7,($21.4)
Foo,Chris Stewart,Pirates,C,944.0,135,($0.8),($15.1),($18.9),($3.0),($8.9),($0.8),($47.4),$24.7,($21.7)
Foo,A.J. Ellis,Marlins,C,919.9,105,($1.0),($15.5),($19.3),($3.1),($8.5),$0.0,($47.4),$24.7,($21.7)
Foo,Caleb Joseph,Orioles,C,856.8,141,($2.2),($14.4),($18.0),($3.0),($7.8),($2.2),($47.5),$24.7,($21.8)
Foo,Coco Crisp,,OF,784.8,298,($3.3),($11.1),($11.5),($0.9),($6.0),($2.1),($34.9),$12.0,($21.9)
Foo,Albert Almora,Cubs,OF,484.3,300,($0.2),($9.8),($13.3),($1.7),($6.7),($3.2),($35.0),$12.0,($22.0)
Foo,Manny Pina,Brewers,C/DH,859.2,109,($0.9),($15.2),($19.2),($3.1),($8.3),($1.0),($47.7),$24.7,($22.0)
Foo,Dustin Garneau,Rockies,C,872.2,109,($1.3),($15.0),($19.0),($3.1),($8.0),($1.3),($47.7),$24.7,($22.0)
Foo,Ramon Cabrera,,C,999.0,124,($0.6),($15.1),($19.1),($3.0),($8.8),($1.2),($47.8),$24.7,($22.1)
Foo,Freddy Galvis,Phillies,SS,337.9,320,($3.4),($9.6),($13.4),($1.2),($5.7),($4.8),($38.1),$15.0,($22.1)
Foo,Adam Rosales,Athletics,2B/3B,840.2,300,($4.7),($10.0),($12.7),($1.9),($5.5),($3.4),($38.2),$15.0,($22.2)
Foo,Jarrod Saltalamacchia,Blue Jays,C,743.6,127,($3.1),($14.5),($18.2),($3.2),($7.4),($1.6),($47.9),$24.7,($22.2)
Foo,Kyle Higashioka,Yankees,C,941.8,90,($1.1),($15.3),($19.3),($3.2),($8.0),($1.1),($48.0),$24.7,($22.3)
Foo,Adam Lind,Nationals,1B,600.0,202,$0.3,($11.2),($15.1),($3.2),($6.1),($0.1),($35.4),$12.1,($22.3)
Foo,John Ryan Murphy,Twins,C,776.3,102,($0.9),($15.4),($19.2),($3.2),($8.4),($1.2),($48.3),$24.7,($22.6)
Foo,Jung Ho Kang,Pirates,3B,267.4,200,($0.7),($11.4),($15.2),($2.7),($5.8),($0.3),($36.2),$12.4,($22.8)
Foo,Andrew Knapp,Phillies,C/DH,999.0,132,($1.8),($15.0),($18.7),($3.1),($8.3),($1.6),($48.5),$24.7,($22.8)
Foo,Rene Rivera,Mets,C,836.0,168,($3.0),($13.9),($18.0),($3.2),($7.5),($2.8),($48.5),$24.7,($22.8)
Foo,Tyler Collins,Tigers,OF,863.1,312,($3.5),($9.3),($12.3),($1.9),($5.4),($3.4),($35.9),$12.0,($22.9)
Foo,Chris Gimenez,Twins,C,953.9,107,($1.4),($15.4),($19.1),($3.0),($8.5),($1.2),($48.6),$24.7,($22.9)
Foo,Andres Blanco,Phillies,2B/3B,853.6,251,($1.7),($11.5),($14.6),($2.1),($6.9),($2.2),($38.9),$15.0,($22.9)
Foo,Nick Hundley,Giants,C,527.5,114,($1.5),($15.0),($19.2),($3.1),($8.2),($1.6),($48.7),$24.7,($23.0)
Foo,Yoan Moncada,White Sox,3B/DH,243.5,284,($4.3),($11.2),($13.4),$1.6,($6.5),($2.7),($36.5),$12.4,($23.0)
Foo,Jarrett Parker,Giants,OF,697.1,293,($4.0),($9.7),($13.4),($2.0),($5.0),($2.2),($36.4),$12.0,($23.3)
Foo,Cody Asche,White Sox,OF,865.2,279,($2.8),($10.1),($13.2),($2.5),($5.3),($2.6),($36.5),$12.0,($23.4)
Foo,Raul Mondesi,Royals,2B,367.0,266,($4.0),($11.6),($13.9),$2.0,($7.0),($4.9),($39.4),$15.0,($23.4)
Foo,Marwin Gonzalez,Astros,1B/3B,587.3,276,($2.0),($10.2),($13.4),($1.5),($6.2),($3.5),($36.9),$12.4,($23.5)
Foo,Eric Fryer,Cardinals,C,916.6,124,($1.6),($15.4),($19.1),($2.9),($8.9),($1.2),($49.2),$24.7,($23.5)
Foo,Alexei Ramirez,,SS,795.1,274,($1.6),($11.2),($14.6),($1.2),($7.5),($3.5),($39.6),$15.0,($23.7)
Foo,Aaron Altherr,Phillies,OF,510.2,300,($3.9),($9.9),($13.2),($1.0),($5.9),($2.8),($36.7),$12.0,($23.7)
Foo,Cory Spangenberg,Padres,2B,617.1,259,($1.5),($11.8),($15.1),($1.3),($7.7),($2.3),($39.7),$15.0,($23.7)
Foo,Chris Coghlan,,2B/OF,775.1,225,($2.2),($12.0),($15.4),($2.4),($7.0),($0.9),($39.9),$15.0,($23.9)
Foo,Anthony Recker,Braves,C,816.4,91,($1.8),($15.6),($19.8),($3.2),($8.2),($1.0),($49.6),$24.7,($23.9)
Foo,Whit Merrifield,Royals,2B,610.2,228,($0.7),($12.8),($15.2),($0.9),($8.3),($2.1),($40.0),$15.0,($24.0)
Foo,David Wright,Mets,3B,603.6,225,($1.5),($12.0),($14.6),($2.3),($6.5),($0.6),($37.5),$12.4,($24.1)
Foo,Jake Marisnick,Astros,OF,815.8,287,($4.0),($10.5),($12.9),$1.3,($6.4),($4.7),($37.3),$12.0,($24.2)
Foo,Steve Clevenger,,C,999.0,60,($0.2),($16.6),($20.7),($3.3),($9.1),($0.3),($50.1),$24.7,($24.4)
Foo,Jorge Alfaro,Phillies,C,472.2,90,($1.3),($15.7),($19.9),($3.1),($8.4),($1.6),($50.1),$24.7,($24.4)
Foo,J.P. Crawford,Phillies,SS,999.0,269,($2.5),($12.0),($15.2),($1.5),($7.7),($1.4),($40.4),$15.0,($24.5)
Foo,Tomas Telis,Marlins,C,999.0,59,$0.0,($16.6),($20.8),($3.2),($9.2),($0.5),($50.2),$24.7,($24.5)
Foo,Drew Butera,Royals,C,880.3,101,($1.8),($15.7),($19.5),($3.0),($8.6),($1.7),($50.2),$24.7,($24.5)
Foo,Ezequiel Carrera,Blue Jays,OF,724.3,259,($1.8),($11.7),($13.9),($0.8),($7.5),($1.9),($37.6),$12.0,($24.6)
Foo,Jeff Mathis,Diamondbacks,C,949.0,126,($2.5),($15.0),($19.1),($3.1),($8.2),($2.4),($50.3),$24.7,($24.6)
Foo,Trey Mancini,Orioles,DH,638.0,346,$0.0,($7.3),($10.2),($2.6),($4.1),($1.7),($26.0),$0.3,($24.7)
Foo,Elias Diaz,Pirates,C,904.9,74,($0.6),($16.4),($20.5),($3.1),($9.1),($0.8),($50.5),$24.7,($24.8)
Foo,Alex Rios,,OF,999.0,295,($2.1),($10.1),($13.7),($1.6),($6.8),($3.7),($38.1),$12.0,($25.0)
Foo,Stephen Drew,Nationals,2B,808.0,210,($2.6),($11.7),($15.7),($2.9),($6.2),($1.9),($41.0),$15.0,($25.1)
Foo,Kevin Plawecki,Mets,C,916.5,64,($0.7),($16.5),($20.7),($3.3),($8.9),($0.7),($50.8),$24.7,($25.1)
Foo,Kevan Smith,White Sox,C/DH,920.9,60,($0.8),($16.6),($20.6),($3.3),($8.8),($0.7),($50.8),$24.7,($25.1)
Foo,Nick Ahmed,Diamondbacks,SS,855.8,311,($3.3),($10.7),($14.3),($1.7),($7.2),($4.1),($41.2),$15.0,($25.2)
Foo,Andre Ethier,Dodgers,OF/DH,690.6,230,($1.3),($11.6),($15.2),($2.8),($6.7),($0.8),($38.3),$12.0,($25.3)
Foo,Mark Canha,Athletics,1B/3B/OF/DH,750.7,203,($1.2),($12.2),($15.1),($2.5),($6.5),($1.2),($38.8),$12.4,($25.3)
Foo,Juan Uribe,,3B,999.0,232,($1.1),($11.2),($15.2),($3.0),($6.3),($1.9),($38.8),$12.4,($25.3)
Foo,Curt Casali,Rays,C,699.9,58,($1.3),($16.7),($20.6),($3.2),($8.8),($0.7),($51.2),$24.7,($25.5)
Foo,Christian Colon,Royals,2B,856.3,204,($0.5),($13.4),($16.1),($1.9),($8.4),($1.3),($41.5),$15.0,($25.5)
Foo,Pedro Severino,Nationals,C,889.9,42,($0.2),($17.0),($21.2),($3.2),($9.2),($0.4),($51.3),$24.7,($25.6)
Foo,Guillermo Heredia,Mariners,OF,907.7,228,($0.7),($12.8),($14.8),($1.7),($8.1),($0.5),($38.6),$12.0,($25.6)
Foo,Cheslor Cuthbert,Royals,3B,564.5,197,($0.1),($12.3),($15.7),($2.9),($7.0),($1.0),($39.1),$12.4,($25.7)
Foo,Erick Aybar,Padres,SS,770.3,279,($1.6),($12.2),($15.0),($1.8),($8.2),($2.8),($41.7),$15.0,($25.7)
Foo,Joey Gallo,Rangers,1B/3B/DH,443.2,188,($3.5),($11.5),($15.1),($2.9),($4.8),($1.4),($39.2),$12.4,($25.8)
Foo,Jace Peterson,Braves,2B,699.0,229,($2.0),($13.0),($16.2),($1.7),($8.1),($0.8),($41.8),$15.0,($25.9)
Foo,Mark Reynolds,Rockies,1B,620.8,164,($0.9),($12.6),($16.4),($3.0),($6.3),($0.2),($39.4),$12.1,($26.4)
Foo,Conor Gillaspie,Giants,3B,881.0,235,($1.0),($11.6),($15.6),($2.7),($7.1),($1.9),($39.8),$12.4,($26.4)
Foo,Dalton Pompey,Blue Jays,OF/DH,774.2,181,($0.7),($13.5),($16.0),($0.5),($8.1),($0.7),($39.6),$12.0,($26.5)
Foo,Dilson Herrera,Reds,2B,712.9,159,($0.9),($13.5),($17.4),($2.2),($7.3),($1.3),($42.5),$15.0,($26.6)
Foo,Joey Rickard,Orioles,OF,826.8,214,($0.8),($13.0),($15.3),($1.7),($8.2),($0.9),($39.9),$12.0,($26.9)
Foo,Franklin Gutierrez,Dodgers,OF,840.0,188,($2.0),($12.1),($15.4),($3.1),($5.6),($1.7),($40.0),$12.0,($26.9)
Foo,Kirk Nieuwenhuis,Brewers,OF,893.5,243,($4.4),($11.4),($14.7),($1.4),($5.7),($2.3),($40.0),$12.0,($27.0)
Foo,T.J. Rivera,Mets,2B,694.1,184,$0.4,($13.5),($17.2),($3.0),($8.2),($1.4),($43.0),$15.0,($27.0)
Foo,Mallex Smith,Rays,OF,340.3,173,($1.0),($14.2),($16.7),$1.2,($8.6),($1.0),($40.3),$12.0,($27.3)
Foo,Jacob May,White Sox,OF,999.0,291,($3.6),($11.9),($14.3),$2.0,($8.1),($4.5),($40.6),$12.0,($27.5)
Foo,Alberto Callaspo,,2B/3B,999.0,233,($2.7),($12.8),($15.8),($2.7),($7.9),($1.7),($43.5),$15.0,($27.6)
Foo,Gorkys Hernandez,Giants,OF,950.9,213,($0.9),($13.1),($16.0),($1.4),($8.1),($1.2),($40.7),$12.0,($27.7)
Foo,Mikie Mahtook,Tigers,OF,799.5,225,($1.9),($12.1),($14.9),($2.0),($7.3),($2.5),($40.7),$12.0,($27.7)
Foo,Sam Fuld,,OF,999.0,338,($5.9),($11.1),($12.3),($0.1),($7.5),($3.9),($40.8),$12.0,($27.8)
Foo,Michael Taylor,Nationals,OF,664.7,209,($2.6),($12.4),($15.9),($0.5),($6.9),($2.5),($40.8),$12.0,($27.8)
Foo,Tyler Austin,Yankees,1B,694.8,186,($1.9),($12.6),($16.0),($2.4),($6.6),($1.3),($40.9),$12.1,($27.8)
Foo,Marlon Byrd,,OF,999.0,238,($2.8),($11.0),($15.0),($3.0),($6.0),($3.2),($40.9),$12.0,($27.9)
Foo,Rob Refsnyder,Yankees,1B/OF,864.5,161,$0.2,($13.9),($16.8),($2.3),($8.1),$0.0,($41.0),$12.0,($27.9)
Foo,Steven Moya,Tigers,OF,727.7,157,($0.9),($12.4),($16.7),($2.9),($6.0),($2.1),($41.0),$12.0,($28.0)
Foo,Ryan Flaherty,Orioles,3B,999.0,226,($3.4),($11.9),($14.7),($2.6),($6.4),($2.5),($41.5),$12.4,($28.1)
Foo,Trayce Thompson,Dodgers,OF,631.1,194,($2.4),($12.0),($16.1),($2.2),($6.1),($2.3),($41.2),$12.0,($28.2)
Foo,Ben Revere,Angels,OF,348.4,186,$0.3,($14.4),($16.1),($0.4),($9.1),($1.5),($41.3),$12.0,($28.3)
Foo,Greg Garcia,Cardinals,2B/3B/SS,704.5,160,($0.8),($14.6),($17.8),($2.6),($8.7),$0.0,($44.4),$15.0,($28.5)
Foo,Ichiro Suzuki,Marlins,OF,800.8,226,($0.4),($13.1),($16.4),($1.6),($8.8),($1.3),($41.6),$12.0,($28.6)
Foo,Chase Utley,Dodgers,2B,660.8,184,($1.9),($13.5),($16.8),($2.9),($7.7),($1.7),($44.6),$15.0,($28.6)
Foo,Ketel Marte,Diamondbacks,SS,269.2,140,$0.2,($15.1),($18.1),($1.7),($9.1),($0.9),($44.6),$15.0,($28.7)
Foo,Daniel Descalso,Diamondbacks,SS,877.8,173,($1.9),($13.8),($17.3),($2.7),($8.0),($1.2),($44.8),$15.0,($28.8)
Foo,Rickie Weeks Jr.,Rays,OF,932.4,194,($3.0),($12.8),($15.8),($2.2),($6.6),($1.7),($42.0),$12.0,($29.0)
Foo,Darwin Barney,Blue Jays,2B/3B/SS,770.9,188,($2.0),($13.7),($16.4),($2.4),($8.2),($2.3),($45.0),$15.0,($29.1)
Foo,Ronald Torreyes,Yankees,3B,841.8,183,($0.4),($13.7),($16.5),($1.9),($8.6),($1.6),($42.6),$12.4,($29.2)
Foo,Jonny Gomes,,DH/OF,999.0,197,($3.3),($12.6),($16.0),($2.7),($6.5),($1.5),($42.6),$12.0,($29.5)
Foo,Pedro Alvarez,Orioles,DH,616.9,209,($1.0),($9.8),($13.6),($3.0),($3.1),($0.5),($31.0),$0.3,($29.7)
Foo,Juan Lagares,Mets,OF,885.3,213,($1.1),($12.9),($16.5),($2.0),($7.9),($2.3),($42.8),$12.0,($29.7)
Foo,Michael Bourn,,OF,816.8,246,($2.6),($13.2),($14.9),($1.0),($8.5),($2.6),($42.8),$12.0,($29.8)
Foo,Teoscar Hernandez,Astros,OF,801.6,145,($1.1),($14.0),($17.4),($1.2),($7.8),($1.3),($42.8),$12.0,($29.8)
Foo,Enrique Hernandez,Dodgers,OF,822.9,196,($2.2),($12.8),($16.3),($2.7),($6.9),($1.9),($42.8),$12.0,($29.8)
Foo,Luis Sardinas,Padres,SS,775.9,217,($1.7),($13.6),($17.4),($1.6),($8.6),($2.9),($45.8),$15.0,($29.8)
Foo,Nolan Reimold,,OF,999.0,197,($2.6),($13.0),($16.1),($2.6),($7.1),($1.6),($43.0),$12.0,($30.0)
Foo,Alejandro De Aza,,OF,926.8,194,($2.2),($13.3),($16.3),($2.0),($7.7),($1.6),($43.0),$12.0,($30.0)
Foo,Andrew Romine,Tigers,1B/3B/OF,839.0,220,($2.4),($13.2),($15.9),($1.0),($8.4),($2.5),($43.4),$12.4,($30.0)
Foo,Delmon Young,,OF,999.0,161,($0.5),($13.4),($17.3),($2.9),($7.4),($1.6),($43.1),$12.0,($30.0)
Foo,Charlie Tilson,White Sox,OF,425.6,171,($0.6),($14.4),($17.0),($1.3),($8.6),($1.2),($43.1),$12.0,($30.1)
Foo,Jeremy Hazelbaker,Diamondbacks,OF,784.2,172,($2.1),($13.4),($16.8),($1.7),($7.2),($2.1),($43.3),$12.0,($30.3)
Foo,Alexi Amarista,Rockies,2B,863.4,116,($0.3),($15.2),($18.9),($2.4),($8.7),($0.8),($46.3),$15.0,($30.3)
Foo,Austin Jackson,Indians,OF,781.6,164,($0.9),($14.2),($16.8),($2.1),($8.4),($1.1),($43.5),$12.0,($30.4)
Foo,Leury Garcia,White Sox,OF,938.6,163,($0.9),($14.3),($17.4),($0.7),($8.5),($1.7),($43.5),$12.0,($30.5)
Foo,Wilmer Difo,Nationals,2B/3B/SS,741.4,107,($0.4),($15.4),($19.2),($1.7),($8.8),($1.1),($46.6),$15.0,($30.6)
Foo,Phil Gosselin,Pirates,2B,878.4,120,$0.0,($15.2),($18.8),($2.8),($8.9),($0.9),($46.7),$15.0,($30.7)
Foo,A.J. Reed,Astros,1B,433.2,144,($1.6),($13.7),($17.3),($3.2),($7.1),($0.9),($43.8),$12.1,($30.7)
Foo,Shawn O'Malley,Mariners,SS/OF,869.7,140,($1.5),($15.1),($18.1),($1.8),($8.9),($1.4),($46.8),$15.0,($30.8)
Foo,Chase d'Arnaud,Braves,SS,935.8,156,($1.7),($14.7),($18.3),($1.4),($8.8),($1.9),($46.9),$15.0,($30.9)
Foo,Tim Beckham,Rays,SS,721.0,162,($2.4),($14.1),($17.6),($2.6),($7.9),($2.5),($47.0),$15.0,($31.0)
Foo,Nick Franklin,Rays,OF,640.2,156,($1.7),($14.0),($17.4),($2.1),($7.6),($1.4),($44.1),$12.0,($31.1)
Foo,Cole Gillespie,,1B/OF,999.0,152,($0.6),($14.2),($17.7),($2.5),($8.3),($0.9),($44.2),$12.0,($31.1)
Foo,Scott Van Slyke,Dodgers,OF,936.3,139,($1.5),($14.1),($17.9),($2.7),($7.5),($0.6),($44.2),$12.0,($31.2)
Foo,Ryan Raburn,,OF,906.3,175,($2.9),($13.0),($16.7),($3.0),($6.8),($1.7),($44.2),$12.0,($31.2)
Foo,Drew Stubbs,,OF,948.7,199,($4.1),($13.3),($16.2),($0.8),($7.2),($2.7),($44.3),$12.0,($31.2)
Foo,Miguel Rojas,Marlins,1B/2B/SS,866.6,150,($1.0),($14.7),($18.4),($2.7),($8.8),($1.6),($47.2),$15.0,($31.3)
Foo,Kelby Tomlinson,Giants,2B/3B/SS/OF,872.6,123,($0.6),($15.5),($19.3),($2.0),($9.2),($0.8),($47.5),$15.0,($31.5)
Foo,Corey Hart,,OF,999.0,158,($2.3),($13.2),($17.3),($2.7),($6.7),($2.4),($44.6),$12.0,($31.6)
Foo,Jeff Baker,,1B/2B,999.0,98,($1.2),($15.2),($19.2),($2.9),($8.0),($1.1),($47.6),$15.0,($31.6)
Foo,Craig Gentry,,OF,970.9,201,($2.5),($14.1),($16.4),($0.9),($8.6),($2.2),($44.7),$12.0,($31.6)
Foo,Giovanny Urshela,Indians,3B,943.8,171,($1.3),($13.3),($17.1),($3.1),($7.7),($2.5),($45.1),$12.4,($31.7)
Foo,Gregor Blanco,,OF,885.8,136,($0.7),($15.0),($18.1),($2.1),($8.7),($0.2),($44.8),$12.0,($31.7)
Foo,Ben Gamel,Mariners,OF,728.7,133,($0.3),($14.8),($18.0),($2.1),($8.6),($0.8),($44.8),$12.0,($31.7)
Foo,Ryan Goins,Blue Jays,2B/SS,921.3,154,($1.9),($14.5),($17.8),($2.8),($8.6),($2.2),($47.7),$15.0,($31.8)
Foo,Matt Szczur,Cubs,OF,935.2,159,($1.3),($14.0),($17.9),($1.9),($8.1),($1.6),($44.9),$12.0,($31.8)
Foo,Stephen Cardullo,Rockies,1B/OF,871.3,98,$0.3,($15.0),($19.0),($2.9),($8.1),($0.3),($45.0),$12.0,($32.0)
Foo,Taylor Motter,Mariners,P/1B/2B/3B/SS/OF,934.1,94,($1.2),($15.6),($19.3),($2.3),($8.4),($1.2),($48.1),$15.0,($32.1)
Foo,Chris Heisey,Nationals,OF,999.0,140,($2.1),($13.9),($17.6),($2.7),($7.3),($1.5),($45.2),$12.0,($32.2)
Foo,Danny Santana,Twins,OF,830.8,130,($0.5),($15.1),($18.2),($1.3),($8.8),($1.5),($45.3),$12.0,($32.3)
Foo,Cristhian Adames,Rockies,SS,925.1,76,$0.0,($16.2),($20.0),($2.8),($9.1),($0.3),($48.4),$15.0,($32.4)
Foo,Tommy Pham,Cardinals,OF,838.8,114,($0.8),($15.0),($18.6),($2.5),($8.1),($0.5),($45.5),$12.0,($32.5)
Foo,Chris Taylor,Dodgers,2B/3B/SS/DH,977.3,91,($0.4),($16.0),($19.9),($2.5),($9.1),($0.4),($48.4),$15.0,($32.5)
Foo,Abraham Almonte,Indians,OF,783.2,115,($0.6),($15.0),($18.5),($2.2),($8.6),($0.8),($45.6),$12.0,($32.5)
Foo,Carlos Sanchez,White Sox,2B,927.0,106,($1.0),($15.5),($19.3),($2.6),($8.7),($1.4),($48.5),$15.0,($32.6)
Foo,Jaff Decker,Athletics,OF/DH,999.0,127,($1.5),($15.1),($18.2),($2.0),($8.4),($0.6),($45.7),$12.0,($32.6)
Foo,Ivan De Jesus,Brewers,2B/SS,999.0,121,($1.1),($15.5),($19.1),($2.9),($9.0),($1.0),($48.7),$15.0,($32.7)
Foo,Patrick Kivlehan,Reds,OF,999.0,171,($2.5),($13.5),($17.5),($2.5),($7.1),($2.7),($45.8),$12.0,($32.7)
Foo,Jake Smolinski,Athletics,OF,859.7,115,($0.6),($14.9),($18.6),($2.9),($8.1),($0.7),($45.9),$12.0,($32.8)
Foo,Rio Ruiz,Braves,3B,814.6,174,($2.4),($13.9),($17.7),($2.9),($8.0),($1.6),($46.3),$12.4,($32.9)
Foo,Jonathan Herrera,,2B/SS,999.0,152,($1.9),($14.8),($18.5),($2.5),($8.8),($2.3),($48.9),$15.0,($32.9)
Foo,Roman Quinn,Phillies,OF,423.3,122,($1.3),($15.5),($18.6),($0.7),($8.6),($1.3),($46.0),$12.0,($32.9)
Foo,Billy Burns,Royals,OF,663.2,110,($0.2),($15.8),($18.9),($1.3),($9.2),($0.9),($46.4),$12.0,($33.3)
Foo,Ozzie Albies,Braves,2B/SS,999.0,66,($0.2),($16.6),($20.5),($2.4),($9.2),($0.4),($49.3),$15.0,($33.4)
Foo,Socrates Brito,Diamondbacks,OF,723.9,126,($0.7),($14.8),($18.6),($2.2),($8.3),($1.8),($46.4),$12.0,($33.4)
Foo,Jesus Aguilar,Brewers,1B,711.5,115,($1.4),($14.6),($18.7),($3.3),($7.4),($1.2),($46.6),$12.1,($33.5)
Foo,Cliff Pennington,Angels,2B,999.0,122,($2.0),($15.5),($18.9),($2.8),($8.8),($1.5),($49.6),$15.0,($33.6)
Foo,Michael Martinez,Indians,2B/OF,825.9,97,($1.0),($15.9),($19.5),($2.7),($9.0),($1.4),($49.6),$15.0,($33.6)
Foo,Peter Bourjos,Rays,OF,867.7,165,($2.4),($14.2),($17.4),($2.1),($8.2),($2.4),($46.7),$12.0,($33.6)
Foo,Erik Gonzalez,Indians,2B/3B/SS/OF,952.8,70,($0.5),($16.3),($20.2),($2.7),($9.0),($1.0),($49.7),$15.0,($33.7)
Foo,JaCoby Jones,Tigers,3B/OF/DH,999.0,106,($1.0),($15.2),($19.0),($2.4),($8.4),($1.2),($47.2),$12.4,($33.7)
Foo,Nate McLouth,,OF,999.0,178,($3.5),($13.9),($17.2),($2.3),($7.7),($2.2),($46.8),$12.0,($33.8)
Foo,Jefry Marte,Angels,1B/3B/OF,432.0,93,($0.9),($15.2),($19.3),($3.0),($8.0),($0.9),($47.2),$12.4,($33.8)
Foo,Dixon Machado,Tigers,2B/SS,999.0,70,($0.5),($16.5),($20.2),($2.8),($9.2),($0.5),($49.8),$15.0,($33.9)
Foo,Hanser Alberto,Rangers,1B/2B/3B/SS/DH,966.9,77,($0.5),($16.1),($20.1),($3.0),($9.0),($1.2),($49.8),$15.0,($33.9)
Foo,Ehire Adrianza,Twins,2B/3B/SS,889.6,62,($0.5),($16.6),($20.5),($2.9),($9.1),($0.5),($50.1),$15.0,($34.1)
Foo,Marco Hernandez,Red Sox,2B/3B/SS/DH,912.2,45,$0.1,($16.9),($20.9),($3.1),($9.2),($0.3),($50.3),$15.0,($34.3)
Foo,Jose Rondon,Padres,SS,999.0,97,($0.9),($16.0),($20.1),($2.7),($9.0),($1.6),($50.3),$15.0,($34.4)
Foo,Joey Wendle,Athletics,2B,729.3,58,($0.4),($16.7),($20.6),($3.0),($9.1),($0.7),($50.3),$15.0,($34.4)
Foo,Aaron Hill,Giants,2B/3B,780.7,59,($0.5),($16.6),($20.7),($3.2),($9.0),($0.5),($50.4),$15.0,($34.4)
Foo,Carlos Asuaje,Padres,2B,831.8,60,($0.4),($16.7),($20.8),($3.1),($9.1),($0.5),($50.6),$15.0,($34.6)
Foo,Tyler White,Astros,1B,874.9,83,($0.7),($15.6),($19.5),($3.2),($8.3),($0.4),($47.7),$12.1,($34.7)
Foo,Daniel Robertson,Rays,SS,999.0,78,($1.0),($16.5),($20.2),($3.2),($9.1),($0.7),($50.6),$15.0,($34.7)
Foo,Tyler Ladendorf,,2B,999.0,98,($1.5),($16.0),($19.8),($2.9),($9.0),($1.6),($50.9),$15.0,($34.9)
Foo,Oswaldo Arcia,Diamondbacks,OF,890.2,78,($1.0),($15.4),($19.7),($3.2),($7.8),($0.9),($48.1),$12.0,($35.0)
Foo,Justin Morneau,,DH,929.5,242,($0.8),($10.5),($14.3),($3.1),($6.1),($1.7),($36.4),$0.3,($35.0)
Foo,Franchy Cordero,Padres,SS/OF,999.0,66,($1.0),($16.6),($20.7),($2.7),($9.1),($1.2),($51.3),$15.0,($35.3)
Foo,Tommy La Stella,Cubs,3B,918.3,72,$0.0,($16.3),($20.3),($3.2),($9.2),$0.1,($48.8),$12.4,($35.4)
Foo,Allen Cordoba,Padres,SS,941.9,47,($0.3),($17.1),($21.2),($2.9),($9.3),($0.6),($51.4),$15.0,($35.4)
Foo,Emilio Bonifacio,Braves,OF,964.3,93,($0.7),($16.3),($19.7),($1.7),($9.2),($0.9),($48.5),$12.0,($35.5)
Foo,Jose Martinez,Cardinals,1B/OF,999.0,71,$0.1,($16.2),($20.2),($3.0),($8.9),($0.2),($48.6),$12.0,($35.5)
Foo,Destin Hood,Marlins,OF,999.0,113,($1.3),($15.2),($19.2),($2.7),($8.5),($1.7),($48.7),$12.0,($35.6)
Foo,Matt Davidson,White Sox,DH,826.5,400,($8.8),($8.2),($9.0),($2.7),($3.1),($5.8),($37.5),$0.3,($36.2)
Foo,Daniel Nava,Phillies,OF,821.0,81,($0.8),($16.2),($20.0),($3.2),($8.8),($0.4),($49.3),$12.0,($36.3)
Foo,Rymer Liriano,White Sox,OF,757.5,66,($0.7),($16.4),($20.3),($2.9),($8.8),($0.4),($49.4),$12.0,($36.3)
Foo,Brandon Nimmo,Mets,OF,759.3,62,($0.3),($16.5),($20.6),($3.1),($8.9),($0.2),($49.6),$12.0,($36.6)
Foo,Hunter Dozier,Royals,OF/DH,676.6,78,($1.0),($16.1),($20.0),($3.1),($8.7),($0.9),($49.8),$12.0,($36.8)
Foo,Tony Kemp,Astros,OF,970.2,51,($0.1),($16.9),($20.8),($2.8),($9.3),($0.1),($50.0),$12.0,($37.0)
Foo,Cody Bellinger,Dodgers,1B,999.0,51,($0.6),($16.5),($20.8),($3.1),($8.6),($0.5),($50.1),$12.1,($37.0)
Foo,Jesse Winker,Reds,OF,999.0,50,($0.1),($16.8),($20.9),($3.3),($9.0),$0.1,($50.1),$12.0,($37.0)
Foo,Matt Chapman,Athletics,3B,999.0,52,($1.0),($16.5),($20.6),($3.1),($8.5),($0.8),($50.6),$12.4,($37.2)
Foo,Matt Olson,Athletics,1B/OF,834.4,64,($1.1),($16.4),($20.3),($3.3),($8.7),($0.5),($50.3),$12.0,($37.2)
Foo,Jordan Patterson,Rockies,1B/OF,858.8,47,($0.3),($16.8),($20.9),($3.1),($9.0),($0.3),($50.3),$12.0,($37.3)
Foo,Drew Robinson,Rangers,3B,999.0,45,($0.7),($16.8),($20.9),($3.0),($8.9),($0.4),($50.8),$12.4,($37.4)
Foo,Zack Granite,Twins,OF,999.0,45,($0.2),($17.1),($21.0),($2.4),($9.4),($0.4),($50.5),$12.0,($37.4)
Foo,Josh Hamilton,Rangers,OF,833.2,33,($0.2),($16.9),($21.2),($3.3),($8.9),($0.3),($50.8),$12.0,($37.8)
Foo,Jeimer Candelario,Cubs,3B,923.5,44,($0.4),($16.9),($21.1),($3.3),($9.1),($0.4),($51.2),$12.4,($37.8)
Foo,Jake Bauers,Rays,1B,999.0,39,($0.3),($17.1),($21.1),($3.1),($9.1),($0.2),($50.9),$12.1,($37.9)
Foo,Brian Goodwin,Nationals,OF,999.0,45,($0.4),($16.9),($21.0),($3.0),($9.1),($0.4),($51.0),$12.0,($37.9)
Foo,Colin Moran,Astros,3B,879.8,49,($0.6),($16.9),($20.9),($3.2),($9.1),($0.6),($51.4),$12.4,($38.0)
Foo,Rob Segedin,Dodgers,1B/3B/OF,871.8,32,($0.3),($17.1),($21.4),($3.3),($9.1),($0.3),($51.4),$12.4,($38.0)
Foo,Mason Williams,Yankees,OF/DH,990.9,42,($0.3),($17.0),($21.1),($3.0),($9.2),($0.4),($51.1),$12.0,($38.0)
Foo,Raimel Tapia,Rockies,OF,565.0,27,$0.2,($17.4),($21.5),($3.0),($9.4),($0.1),($51.2),$12.0,($38.1)
Foo,Rowdy Tellez,Blue Jays,1B,999.0,31,($0.2),($17.1),($21.4),($3.3),($9.0),($0.2),($51.2),$12.1,($38.2)
Foo,Brock Stassi,Phillies,1B,999.0,41,($0.4),($17.0),($21.2),($3.3),($9.1),($0.2),($51.3),$12.1,($38.2)
Foo,Darrell Ceciliani,Blue Jays,OF,999.0,32,($0.2),($17.2),($21.3),($3.0),($9.2),($0.3),($51.3),$12.0,($38.2)
