"Name","W","L","ERA","GS","G","S","IP","H","ER","HR","K","BB","WHIP","K/9","BB/9","FIP","WAR","playerid"
"Aroldis Chapman","2","0","1.56","0","22","11","22.0","12","4","1","37","8","0.92","15.48","3.46","1.81","0.5","10233"
"Craig Kimbrel","2","0","1.72","0","21","11","21.0","13","4","1","33","7","0.93","13.77","2.83","1.81","0.5","6655"
"Greg Holland","2","1","2.21","0","22","12","22.0","15","5","1","30","7","1.02","12.11","2.84","2.28","0.5","7196"
"Kenley Jansen","2","0","2.08","0","21","11","21.0","15","5","2","29","6","0.97","12.35","2.59","2.41","0.3","3096"
"Koji Uehara","2","0","1.92","0","22","11","22.0","17","5","2","26","4","0.93","10.94","1.48","2.52","0.5","9227"
"David Robertson","2","1","2.54","0","22","12","22.0","17","6","2","28","7","1.06","11.33","2.79","2.60","0.4","8241"
"Jake McGee","2","1","2.27","0","22","10","22.0","16","5","2","27","6","1.02","11.26","2.51","2.64","0.3","7550"
"Clayton Kershaw","5","3","2.54","10","10","0","63.0","51","18","5","70","14","1.03","10.04","2.03","2.66","1.4","2036"
"Mark Melancon","2","1","2.63","0","22","10","22.0","20","6","1","20","4","1.10","8.40","1.78","2.71","0.3","4264"
"Felix Hernandez","5","3","2.95","10","10","0","64.0","55","21","5","66","15","1.09","9.27","2.06","2.78","1.6","4772"
"Andrew Miller","1","1","2.80","0","18","0","18.0","13","6","1","24","7","1.13","11.83","3.58","2.79","0.3","6785"
"Glen Perkins","2","1","2.55","0","22","12","22.0","18","6","2","25","5","1.08","10.16","2.20","2.86","0.4","8041"
"Jordan Walden","1","1","2.74","0","18","0","18.0","14","5","1","22","7","1.12","11.25","3.25","2.86","0.2","3271"
"Sean Doolittle","2","1","2.12","0","22","10","22.0","17","5","2","27","5","0.99","10.89","1.97","2.87","0.4","1581"
"Trevor Rosenthal","2","1","2.68","0","22","11","22.0","17","7","2","27","8","1.13","10.87","3.22","2.88","0.2","10745"
"Brad Boxberger","2","1","2.64","0","22","1","22.0","16","6","2","28","9","1.12","11.54","3.57","2.88","0.2","10133"
"Stephen Strasburg","5","3","3.09","10","10","0","63.0","53","22","5","70","17","1.11","9.95","2.40","2.91","1.3","10131"
"Carter Capps","1","0","2.89","0","8","0","8.0","7","3","1","10","3","1.15","10.49","3.16","2.92","0.1","12803"
"Jonny Venters","0","0","2.91","0","3","0","3.0","3","1","0","3","1","1.21","9.50","3.27","2.93","0.0","7175"
"Joaquin Benoit","2","1","2.57","0","22","11","22.0","17","6","2","26","6","1.08","10.59","2.67","2.94","0.2","1437"
"Fernando Rodney","1","1","2.99","0","22","10","22.0","18","7","1","24","8","1.18","9.83","3.31","2.99","0.3","494"
"Steve Cishek","1","1","3.01","0","22","11","22.0","18","7","1","23","7","1.18","9.54","2.94","3.00","0.2","6483"
"Zack Greinke","5","3","3.03","10","10","0","63.0","55","21","5","61","15","1.12","8.68","2.14","3.10","1.1","1943"
"Pedro Strop","1","1","3.22","0","22","2","22.0","18","8","1","24","9","1.26","9.69","3.81","3.14","0.2","4070"
"Cody Allen","1","1","2.82","0","22","10","22.0","17","7","2","26","7","1.14","10.76","3.05","3.14","0.2","12183"
"Chris Sale","5","3","3.09","10","10","0","63.0","53","22","6","69","16","1.10","9.87","2.28","3.15","1.5","10603"
"Jake Diekman","1","1","3.18","0","18","0","18.0","14","6","1","22","8","1.24","10.91","4.19","3.15","0.1","5003"
"Wade Davis","1","1","2.79","0","19","0","19.0","15","6","2","20","6","1.15","9.77","2.87","3.16","0.2","7441"
"Madison Bumgarner","4","3","3.21","10","10","0","64.0","57","23","5","63","17","1.16","8.82","2.45","3.17","0.9","5524"
"Shae Simmons","1","1","3.20","0","18","0","18.0","15","6","1","20","8","1.24","10.13","3.78","3.18","0.1","14200"
"Ken Giles","1","1","3.10","0","21","1","21.0","16","7","2","26","10","1.22","11.18","4.20","3.18","0.2","12910"
"Adam Wainwright","4","4","3.34","10","10","0","65.0","62","24","5","57","14","1.17","7.85","1.96","3.20","1.0","2233"
"Francisco Rodriguez","1","1","3.16","0","21","11","21.0","18","7","2","23","6","1.15","9.67","2.63","3.20","0.2","1642"
"Yu Darvish","5","3","3.16","10","10","0","64.0","51","22","6","77","22","1.15","10.78","3.13","3.20","1.6","13074"
"Danny Farquhar","1","1","2.96","0","18","2","18.0","15","6","2","20","6","1.16","9.67","2.96","3.21","0.2","8501"
"Jenrry Mejia","1","1","3.32","0","22","9","22.0","19","8","2","22","7","1.22","9.01","2.97","3.22","0.1","8476"
"Zach Duke","1","0","3.08","0","11","0","11.0","11","4","1","11","3","1.17","8.33","2.23","3.22","0.1","3840"
"Tony Watson","1","1","2.91","0","22","1","22.0","19","7","2","21","6","1.14","8.84","2.44","3.24","0.1","3132"
"Boone Logan","1","1","3.29","0","15","0","15.0","13","5","1","17","5","1.22","10.24","3.27","3.25","0.2","5525"
"David Carpenter","1","1","3.00","0","21","1","21.0","18","7","2","23","6","1.15","9.69","2.68","3.26","0.1","3959"
"Will Smith","2","1","3.21","1","22","1","28.0","24","10","3","29","9","1.18","9.63","2.85","3.26","0.2","8048"
"David Price","5","3","3.19","10","10","0","64.0","58","23","7","60","13","1.11","8.47","1.82","3.27","1.2","3184"
"Junichi Tazawa","1","1","3.08","0","22","1","22.0","19","7","2","22","5","1.14","8.96","2.20","3.27","0.2","4079"
"Corey Kluber","4","3","3.43","10","10","0","64.0","58","24","6","62","18","1.19","8.71","2.49","3.27","1.2","2429"
"Kevin Jepsen","1","1","3.13","0","19","0","19.0","16","6","2","20","6","1.19","9.65","3.06","3.27","0.1","6475"
"Cliff Lee","4","4","3.31","10","10","0","63.0","59","23","7","57","11","1.11","8.11","1.56","3.27","1.1","1636"
"Joe Smith","1","1","3.15","0","22","1","22.0","20","8","2","20","6","1.21","8.01","2.59","3.27","0.1","3281"
"Seth Maness","1","0","3.26","0","8","0","8.0","9","3","1","6","1","1.21","6.00","1.50","3.29","0.0","12235"
"Ian Thomas","0","0","3.15","0","5","0","5.0","4","2","0","5","2","1.22","9.64","3.37","3.30","0.0","13881"
"Jean Machi","1","0","3.24","0","12","0","12.0","11","4","1","10","3","1.21","7.43","2.39","3.31","0.0","3220"
"Alex Cobb","4","3","3.46","10","10","0","64.0","58","25","4","58","20","1.22","8.10","2.82","3.31","1.0","6562"
"Joakim Soria","2","1","2.93","0","23","2","23.0","20","7","2","23","6","1.13","9.03","2.41","3.31","0.3","6941"
"Jason Grilli","1","1","2.66","0","19","2","19.0","15","6","2","21","6","1.12","10.21","2.86","3.32","0.2","521"
"Aaron Barrett","1","1","3.26","0","14","0","14.0","12","5","1","15","5","1.23","9.80","3.52","3.32","0.1","11243"
"Brad Ziegler","1","1","3.09","0","21","1","21.0","21","7","1","16","7","1.29","6.76","2.86","3.32","0.1","7293"
"Al Alburquerque","1","1","3.29","0","19","0","19.0","15","7","2","22","8","1.24","10.36","3.94","3.32","0.2","6324"
"Sergio Romo","1","1","3.06","0","22","11","22.0","20","7","2","20","5","1.14","8.33","2.12","3.32","0.1","9817"
"Dellin Betances","1","1","3.11","0","22","1","22.0","16","8","2","28","11","1.23","11.29","4.39","3.34","0.2","6216"
"Dana Eveland","1","0","3.18","0","13","0","13.0","12","5","1","12","4","1.19","8.40","2.48","3.34","0.0","5508"
"Bobby Parnell","0","0","3.30","0","3","0","3.0","3","1","0","3","1","1.21","8.06","2.63","3.34","0.0","9926"
"Tim Stauffer","1","1","3.21","0","15","0","15.0","14","5","1","14","4","1.20","8.27","2.57","3.35","0.0","6432"
"Manny Parra","1","1","3.23","0","18","0","18.0","16","7","2","20","7","1.21","9.61","3.28","3.37","0.1","4279"
"Christian Garcia","0","0","3.18","0","7","0","7.0","6","2","1","7","2","1.19","9.37","2.88","3.37","0.1","4067"
"Ernesto Frieri","1","1","2.67","0","18","2","18.0","14","5","2","21","6","1.13","10.55","3.14","3.37","0.1","5178"
"Hector Rondon","1","1","3.31","0","22","11","22.0","19","8","2","22","7","1.21","9.01","3.05","3.38","0.1","2391"
"Juan Jaime","0","0","3.42","0","7","0","7.0","5","2","0","9","4","1.34","11.93","5.56","3.38","0.0","6127"
"Dominic Leone","1","0","3.26","0","10","0","10.0","9","4","1","10","4","1.24","8.93","3.36","3.38","0.1","13763"
"Max Scherzer","5","3","3.25","11","11","0","67.0","57","24","8","74","19","1.13","9.83","2.54","3.39","1.3","3137"
"Johnny Cueto","3","3","3.31","9","9","0","54.0","49","20","5","52","15","1.17","8.68","2.48","3.39","0.8","6893"
"Kevin Siegrist","0","0","3.00","0","5","0","5.0","4","2","0","6","2","1.21","10.04","3.62","3.39","0.0","8180"
"Masahiro Tanaka","2","2","3.34","6","6","0","33.0","30","12","4","30","6","1.10","8.38","1.58","3.40","0.7","15764"
"Wesley Wright","1","0","3.35","0","12","0","12.0","11","4","1","11","4","1.25","8.19","2.97","3.40","0.1","5960"
"Paco Rodriguez","1","0","3.15","0","10","0","10.0","8","3","1","11","4","1.24","9.70","3.77","3.40","0.0","13398"
"John Lackey","4","4","3.55","10","10","0","61.0","57","24","5","53","15","1.19","7.82","2.20","3.40","1.2","1507"
"Francisco Liriano","4","3","3.65","10","10","0","61.0","53","25","4","62","25","1.28","9.13","3.78","3.40","0.8","3201"
"Yusmeiro Petit","2","1","3.15","2","21","0","31.0","28","11","4","29","7","1.13","8.50","1.92","3.40","0.1","4020"
"Josh Fields","1","0","3.03","0","13","1","13.0","11","4","1","15","5","1.18","10.36","3.25","3.41","0.1","5070"
"Randy Choate","1","1","3.29","0","15","0","15.0","14","6","1","13","5","1.27","7.54","2.98","3.41","0.1","813"
"Jeremy Affeldt","1","0","3.30","0","13","0","13.0","13","5","1","11","4","1.29","7.23","3.01","3.41","0.0","583"
"Charlie Furbush","1","1","3.09","0","18","0","18.0","16","6","2","19","6","1.16","9.40","2.78","3.41","0.1","1370"
"Kyle McPherson","0","0","3.25","0","5","0","5.0","5","2","0","4","1","1.17","7.83","1.98","3.42","0.0","5009"
"Craig Stammen","1","1","3.46","0","19","0","19.0","18","7","2","16","5","1.22","7.79","2.48","3.42","0.1","7274"
"Cole Hamels","4","4","3.41","10","10","0","63.0","56","24","6","60","16","1.16","8.62","2.32","3.43","0.9","4972"
"Neil Ramirez","1","0","3.05","0","10","0","10.0","8","3","1","12","4","1.20","10.33","3.52","3.44","0.1","7677"
"Tyson Ross","3","3","3.69","9","9","0","54.0","49","22","4","51","21","1.27","8.49","3.40","3.45","0.6","7872"
"Sean Marshall","0","0","3.28","0","3","0","3.0","3","1","0","3","1","1.23","8.19","2.91","3.45","0.0","5905"
"Hyun-Jin Ryu","4","3","3.47","10","10","0","56.0","53","22","5","49","15","1.19","7.81","2.36","3.46","0.7","14444"
"Zach Britton","1","1","3.47","0","22","10","22.0","21","9","2","18","7","1.29","7.51","3.01","3.46","0.2","3240"
"Jesse Crain","0","0","3.02","0","3","0","3.0","3","1","0","4","1","1.16","9.73","2.87","3.47","0.0","4817"
"Mike Adams","0","0","3.28","0","3","0","3.0","3","1","0","3","1","1.20","8.43","2.73","3.47","0.0","1937"
"Joe Nathan","1","1","3.13","0","23","12","23.0","20","8","2","23","7","1.16","9.17","2.69","3.47","0.2","1122"
"Hisashi Iwakuma","4","3","3.55","10","10","0","61.0","59","24","6","49","12","1.17","7.22","1.76","3.47","0.9","13048"
"Carlos Martinez","2","1","3.44","1","20","0","25.0","22","10","2","24","9","1.26","8.62","3.36","3.48","0.1","11682"
"Brett Cecil","1","1","3.30","0","18","0","18.0","16","6","2","18","6","1.22","9.04","2.95","3.48","0.1","2660"
"Neal Cotts","1","1","3.10","0","22","1","22.0","19","7","2","23","7","1.20","9.66","3.11","3.48","0.3","1797"
"Drew Storen","1","1","3.37","0","22","1","22.0","21","8","2","21","6","1.20","8.24","2.42","3.48","0.1","6983"
"Carlos Carrasco","1","1","3.52","2","13","0","21.0","20","8","2","19","6","1.24","8.12","2.66","3.48","0.2","6632"
"George Kontos","1","0","3.29","0","10","0","10.0","9","4","1","9","3","1.21","8.26","2.63","3.49","0.0","9486"
"Addison Reed","1","1","3.07","0","21","11","21.0","18","7","3","22","6","1.14","9.51","2.50","3.50","0.1","10586"
"Xavier Cedeno","1","0","3.34","0","9","0","9.0","8","3","1","8","3","1.27","8.73","3.35","3.50","0.0","36"
"Chad Qualls","1","1","3.64","0","21","10","21.0","21","9","2","17","5","1.25","7.18","2.27","3.50","0.1","2170"
"Chris Hatcher","1","1","3.55","0","18","0","18.0","17","7","2","17","6","1.26","8.38","3.01","3.51","0.1","3299"
"Jon Lester","4","3","3.48","10","10","0","64.0","59","25","6","58","19","1.22","8.21","2.69","3.51","1.3","4930"
"John Axford","1","1","3.57","0","18","1","18.0","16","7","2","19","7","1.28","9.22","3.65","3.51","0.1","9059"
"Evan Marshall","1","1","3.46","0","13","0","13.0","12","5","1","12","5","1.27","8.53","3.33","3.51","0.1","12297"
"Jim Henderson","0","0","3.27","0","3","0","3.0","3","1","0","4","1","1.20","10.27","3.37","3.53","0.0","6653"
"Alex Wood","3","3","3.52","8","8","0","47.0","43","18","4","44","16","1.24","8.50","2.99","3.53","0.6","13781"
"Justin Masterson","3","3","3.69","9","9","0","51.0","47","21","3","46","22","1.34","8.12","3.80","3.53","0.8","2038"
"J.P. Howell","1","1","3.37","0","18","0","18.0","16","7","1","16","7","1.29","8.23","3.50","3.53","0.0","8245"
"Mike Dunn","1","1","3.17","0","18","0","18.0","16","6","2","20","7","1.24","9.61","3.54","3.53","0.1","9948"
"Doug Fister","4","4","3.62","11","11","0","63.0","64","25","6","46","12","1.22","6.63","1.78","3.55","0.8","9425"
"Bryan Morris","1","0","3.66","0","12","0","12.0","11","5","1","10","4","1.33","7.34","3.31","3.55","0.0","10234"
"Scott Kazmir","4","4","3.56","11","11","0","62.0","57","24","6","58","18","1.21","8.40","2.60","3.56","0.9","4897"
"Scott Atchison","1","1","3.63","0","18","0","18.0","19","7","2","14","4","1.24","6.68","2.01","3.56","0.1","2642"
"Jason Motte","1","1","3.35","0","22","2","22.0","21","8","2","20","6","1.19","8.15","2.33","3.56","0.0","5861"
"Chris Martin","1","0","3.61","0","10","0","10.0","10","4","1","9","3","1.25","8.03","2.47","3.56","0.1","11847"
"Justin Wilson","1","1","3.39","0","18","0","18.0","16","7","1","18","8","1.30","8.77","3.86","3.57","0.1","4301"
"Santiago Casilla","1","1","3.58","0","22","1","22.0","20","9","2","19","8","1.31","7.71","3.31","3.57","0.0","2873"
"Jamey Wright","1","1","3.53","0","21","1","21.0","20","8","1","17","7","1.30","7.21","3.04","3.57","0.0","715"
"Jeurys Familia","1","1","3.59","0","22","1","22.0","19","9","2","21","9","1.29","8.66","3.57","3.58","0.0","5114"
"Oliver Perez","1","1","3.17","0","18","0","18.0","15","6","2","19","7","1.21","9.65","3.29","3.58","0.1","1514"
"Michael Wacha","1","1","3.61","2","2","0","13.0","12","5","1","12","4","1.22","8.32","2.76","3.58","0.2","14078"
"Jordan Zimmermann","4","3","3.56","10","10","0","63.0","62","25","7","53","13","1.18","7.50","1.83","3.58","0.9","4505"
"Justin Grimm","1","1","3.48","0","19","0","19.0","17","7","2","17","6","1.24","8.33","2.86","3.58","0.1","11720"
"Alex Torres","1","1","3.45","0","22","1","22.0","18","8","2","24","11","1.31","9.79","4.47","3.58","0.0","7038"
"Gerrit Cole","3","2","3.81","7","7","0","38.0","36","16","3","34","13","1.28","7.94","3.13","3.59","0.4","13125"
"Nick Vincent","1","1","3.15","0","18","0","18.0","16","6","2","18","5","1.18","9.02","2.70","3.59","0.0","7555"
"Mike Morin","1","1","3.42","0","14","0","14.0","13","5","1","12","4","1.20","8.16","2.39","3.59","0.0","13442"
"Jonathan Papelbon","1","1","3.16","0","21","11","21.0","19","7","3","20","5","1.13","8.67","2.14","3.59","0.1","5975"
"Luke Gregerson","1","1","3.48","0","22","1","22.0","21","9","2","18","6","1.22","7.52","2.52","3.60","0.1","4090"
"Matt Thornton","1","1","3.36","0","19","0","19.0","17","7","2","16","5","1.22","7.68","2.54","3.60","0.2","1918"
"Garrett Richards","4","4","3.85","11","11","0","65.0","62","28","5","57","23","1.30","7.82","3.16","3.60","0.9","9784"
"Tyler Clippard","1","1","2.78","0","19","0","19.0","15","6","2","21","6","1.15","10.12","3.07","3.61","0.1","5640"
"Dale Thayer","1","1","3.50","0","18","0","18.0","17","7","2","17","5","1.20","8.33","2.49","3.61","0.0","5032"
"Marc Rzepczynski","1","1","3.71","0","15","0","15.0","14","6","1","13","6","1.33","7.62","3.31","3.61","0.1","6612"
"Jesse Chavez","2","1","3.58","3","13","0","26.0","25","11","3","24","8","1.23","8.14","2.66","3.61","0.2","5448"
"Buddy Carlyle","1","0","3.41","0","10","0","10.0","9","4","1","10","3","1.23","8.78","2.97","3.61","0.0","2010"
"Troy Patton","1","1","3.39","0","13","0","13.0","12","5","1","11","4","1.23","7.71","2.66","3.61","0.0","8368"
"Tim Hudson","3","4","3.90","10","10","0","58.0","61","25","4","38","14","1.29","5.99","2.15","3.62","0.4","921"
"Carlos Torres","1","1","3.58","1","16","0","21.0","20","9","2","20","6","1.23","8.26","2.70","3.62","0.0","7624"
"Gio Gonzalez","4","4","3.75","11","11","0","63.0","56","26","6","63","25","1.29","8.94","3.55","3.63","0.8","7448"
"Frank Francisco","1","1","3.47","0","18","0","18.0","16","7","2","18","6","1.22","8.89","2.97","3.63","0.2","1933"
"Joba Chamberlain","1","1","3.69","0","19","0","19.0","18","8","2","18","7","1.27","8.24","3.16","3.63","0.1","2692"
"Anthony Varvaro","1","1","3.69","0","13","0","13.0","12","5","1","11","5","1.30","7.91","3.14","3.64","0.0","2385"
"Matt Stites","1","0","3.46","0","10","0","10.0","9","4","1","9","3","1.22","8.40","2.75","3.64","0.0","12165"
"Will Harris","0","0","3.48","0","7","0","7.0","6","3","1","6","2","1.25","8.73","3.19","3.64","0.0","3192"
"Marcus Stroman","4","3","3.72","10","10","0","55.0","52","23","6","52","16","1.23","8.37","2.68","3.64","1.0","13431"
"Ervin Santana","4","3","3.84","10","10","0","56.0","55","24","6","49","16","1.26","7.85","2.63","3.64","0.6","3200"
"Jeff Beliveau","1","0","3.25","0","10","0","10.0","8","4","1","10","4","1.26","9.28","3.69","3.64","0.0","8504"
"Dan Otero","1","1","3.63","0","19","0","19.0","20","8","1","11","4","1.27","5.40","1.75","3.64","0.1","7385"
"Sonny Gray","4","4","3.84","10","10","0","62.0","59","26","5","52","23","1.32","7.59","3.35","3.64","0.8","12768"
"Ryan Cook","1","1","3.54","0","19","1","19.0","17","7","2","18","7","1.27","8.59","3.50","3.65","0.1","8855"
"A.J. Burnett","3","4","3.99","10","10","0","56.0","53","25","5","52","21","1.31","8.26","3.41","3.65","0.6","512"
"Arquimedes Caminero","0","0","3.40","0","3","0","3.0","3","1","0","3","1","1.27","9.35","3.67","3.65","0.0","8992"
"Yimi Garcia","0","0","3.47","0","5","0","5.0","4","2","0","5","2","1.25","8.54","3.13","3.65","0.0","sa506959"
"Kevin Quackenbush","1","0","3.52","0","12","0","12.0","10","5","1","12","5","1.26","9.11","3.51","3.65","0.0","12360"
"Eric O'Flaherty","1","1","3.56","0","14","0","14.0","13","5","1","10","4","1.29","6.84","2.74","3.66","0.1","5746"
"Andrew Cashner","3","4","3.84","10","10","0","58.0","55","25","5","47","17","1.26","7.29","2.71","3.66","0.5","8782"
"Tim Lincecum","3","4","4.03","9","9","0","58.0","53","26","5","53","22","1.31","8.28","3.48","3.66","0.4","5705"
"Austin Adams","1","0","3.56","0","8","0","8.0","8","3","1","8","3","1.27","8.73","3.24","3.67","0.0","7411"
"Casey Fien","1","1","3.22","0","22","1","22.0","21","8","3","20","5","1.18","8.24","2.16","3.67","0.2","3926"
"Adam Ottavino","1","1","3.76","0","18","0","18.0","17","8","2","18","6","1.29","8.72","3.12","3.67","0.2","1247"
"Tom Gorzelanny","1","0","3.32","0","13","0","13.0","12","5","1","12","4","1.20","8.59","2.60","3.67","0.0","6244"
"Joel Hanrahan","1","1","3.58","0","22","12","22.0","20","9","2","21","8","1.27","8.92","3.26","3.67","0.1","2186"
"Nick Hagadone","1","0","3.20","0","10","0","10.0","8","4","1","11","4","1.27","9.72","3.88","3.67","0.1","1351"
"Evan Scribner","1","0","3.44","0","8","0","8.0","8","3","1","8","2","1.21","8.13","2.46","3.68","0.0","7525"
"Brandon Kintzler","1","1","3.67","0","18","0","18.0","18","7","2","13","5","1.29","6.55","2.41","3.68","0.0","9939"
"Anibal Sanchez","4","3","3.79","9","9","0","54.0","51","23","6","47","15","1.22","7.81","2.48","3.69","0.9","3284"
"Jason Frasor","1","1","3.52","0","15","0","15.0","14","6","1","14","6","1.26","8.46","3.28","3.69","0.1","1906"
"Henderson Alvarez","3","3","3.81","9","9","0","54.0","58","23","4","34","13","1.30","5.64","2.21","3.70","0.6","5669"
"Aaron Loup","1","1","3.39","0","21","1","21.0","20","8","2","18","7","1.29","7.71","3.15","3.70","0.2","10343"
"Brandon League","1","1","3.78","0","13","0","13.0","14","5","1","9","4","1.34","6.10","2.79","3.70","0.0","3731"
"Lance Lynn","4","4","3.78","10","10","0","59.0","54","25","5","55","22","1.29","8.42","3.31","3.70","0.6","2520"
"Brian Wilson","1","1","3.59","0","18","0","18.0","16","7","2","18","7","1.30","8.82","3.72","3.71","0.0","6485"
"Chasen Shreve","1","1","3.51","0","15","0","15.0","13","6","1","14","6","1.30","8.80","3.60","3.71","0.0","10855"
"James Shields","4","4","3.74","10","10","0","65.0","63","27","7","54","17","1.23","7.48","2.36","3.71","1.0","7059"
"Kirby Yates","1","1","3.31","0","15","0","15.0","13","6","2","16","6","1.25","9.71","3.77","3.71","0.1","9073"
"Yoervis Medina","1","1","3.61","0","15","0","15.0","13","6","1","14","7","1.32","8.63","4.00","3.71","0.0","10498"
"Juan Gutierrez","1","1","3.74","0","15","0","15.0","15","6","2","12","4","1.25","7.45","2.40","3.72","0.0","3265"
"Fernando Abad","1","1","3.25","0","15","0","15.0","14","6","2","13","4","1.21","7.92","2.59","3.72","0.1","4994"
"Javier Lopez","1","1","3.67","0","18","0","18.0","18","7","1","13","6","1.35","6.35","3.17","3.72","-0.1","1663"
"Tom Wilhelmsen","1","1","3.79","0","22","1","22.0","20","9","2","20","9","1.30","8.37","3.62","3.72","0.1","9975"
"Kyle Crockett","1","1","3.54","0","13","0","13.0","13","5","1","11","4","1.27","7.61","2.78","3.72","0.1","15033"
"Corey Knebel","1","1","3.59","0","16","0","16.0","14","6","2","17","7","1.30","9.59","3.90","3.72","0.1","15010"
"Zac Rosscup","0","0","3.46","0","7","0","7.0","5","3","1","8","3","1.32","10.40","4.63","3.72","0.0","9419"
"Jared Hughes","1","0","3.73","0","12","0","12.0","12","5","1","8","4","1.33","6.27","2.85","3.73","0.0","9325"
"Burch Smith","1","1","3.47","1","8","0","13.0","11","5","2","13","4","1.21","9.12","2.96","3.73","0.1","12784"
"Robbie Erlin","1","1","3.54","1","6","0","11.0","11","4","1","10","3","1.21","7.83","2.40","3.73","0.0","10354"
"Aaron Poreda","1","1","3.60","0","18","0","18.0","16","7","2","19","8","1.31","9.49","3.95","3.73","0.1","4313"
"Sam Freeman","1","0","3.63","0","10","0","10.0","9","4","1","9","4","1.32","8.09","3.67","3.73","0.0","6832"
"Robbie Ross","0","0","3.62","0","3","0","3.0","3","1","0","3","1","1.30","6.90","2.65","3.74","0.0","6819"
"Jeff Samardzija","4","4","3.87","11","11","0","65.0","61","28","6","58","21","1.26","7.99","2.90","3.74","0.8","3254"
"Wade Miley","4","4","3.94","10","10","0","63.0","62","27","6","52","19","1.29","7.40","2.77","3.74","0.7","8779"
"Dallas Keuchel","4","4","3.87","10","10","0","60.0","61","26","5","43","18","1.32","6.46","2.76","3.74","0.8","9434"
"Shawn Kelley","1","1","3.18","0","19","0","19.0","16","7","2","20","6","1.18","9.83","3.08","3.75","0.1","7773"
"C.C. Lee","0","0","3.53","0","7","0","7.0","6","3","1","6","2","1.25","8.69","3.04","3.75","0.0","5177"
"Jake Arrieta","3","4","3.88","9","9","0","55.0","50","24","5","53","22","1.30","8.65","3.55","3.75","0.7","4153"
"Matt Belisle","1","1","3.91","0","18","0","18.0","19","8","2","14","4","1.29","6.84","2.19","3.76","0.1","1837"
"Jeanmar Gomez","1","1","3.79","0","15","0","15.0","15","6","1","11","4","1.30","6.42","2.55","3.77","0.0","9033"
"Erik Cordier","0","0","3.73","0","7","0","7.0","6","3","1","7","3","1.37","9.36","4.66","3.77","0.0","sa254907"
"Drew Pomeranz","1","1","3.71","2","14","0","22.0","20","9","2","20","8","1.30","8.42","3.52","3.77","0.1","11426"
"Tony Sipp","1","1","3.10","0","21","1","21.0","18","7","3","24","8","1.20","9.99","3.25","3.77","0.1","8280"
"Mike Fiers","1","1","3.43","1","6","0","11.0","10","4","1","11","3","1.17","8.91","2.39","3.78","0.1","7754"
"Pat Neshek","1","0","3.20","0","14","0","14.0","12","5","2","12","4","1.19","8.17","2.47","3.78","0.0","4682"
"Jose Dominguez","0","0","3.58","0","8","0","8.0","7","3","1","9","4","1.31","9.66","4.25","3.78","0.0","11571"
"Brett Anderson","3","3","4.13","9","9","0","51.0","53","23","4","40","18","1.40","7.03","3.25","3.78","0.8","8223"
"Charlie Morton","3","3","3.90","9","9","0","54.0","55","24","4","40","18","1.34","6.70","3.05","3.78","0.4","4676"
"Brian Duensing","1","1","3.71","0","19","0","19.0","19","8","2","14","5","1.29","6.89","2.50","3.78","0.1","4064"
"Tommy Hunter","1","1","3.56","0","15","1","15.0","15","6","2","12","3","1.19","7.35","1.79","3.78","0.1","1157"
"Colt Hynes","0","0","3.53","0","3","0","3.0","3","1","0","3","1","1.22","6.84","2.14","3.79","0.0","7560"
"A.J. Ramos","1","1","3.80","0","22","1","22.0","19","9","2","23","11","1.35","9.39","4.43","3.79","0.0","8350"
"Rex Brothers","1","1","3.85","0","22","2","22.0","19","9","2","23","10","1.37","9.55","4.30","3.79","0.1","9794"
"Danny Salazar","4","3","3.60","10","10","0","58.0","50","23","7","60","22","1.25","9.38","3.39","3.79","0.9","5867"
"Huston Street","1","1","3.35","0","22","10","22.0","20","8","3","20","6","1.18","8.12","2.28","3.79","0.0","8258"
"Bryan Shaw","1","1","3.79","0","22","1","22.0","21","9","2","18","7","1.30","7.68","3.01","3.79","0.1","8110"
"Jesse Hahn","3","4","3.92","9","9","0","54.0","50","24","5","49","21","1.32","8.06","3.55","3.79","0.4","13287"
"Darren O'Day","1","1","3.38","0","22","2","22.0","20","8","3","21","6","1.17","8.62","2.27","3.79","0.1","3321"
"Ronald Belisario","1","1","3.82","0","18","0","18.0","18","8","1","14","6","1.34","7.00","3.18","3.80","0.1","2203"
"Cory Gearrin","0","0","3.76","0","3","0","3.0","3","1","0","3","1","1.33","7.75","3.42","3.80","0.0","7947"
"Vinnie Pestano","0","0","3.46","0","5","0","5.0","4","2","1","5","2","1.26","8.87","3.27","3.80","0.0","4782"
"Scott Downs","1","1","3.81","0","14","0","14.0","13","6","1","10","5","1.38","6.47","3.44","3.81","0.0","773"
"Andrew Bailey","0","0","3.24","0","3","0","3.0","3","1","0","3","1","1.19","9.26","2.86","3.81","0.0","1368"
"Brandon Maurer","1","0","3.64","0","12","0","12.0","11","5","1","10","4","1.25","8.02","2.84","3.82","0.0","4878"
"Lisalverto Bonilla","0","0","3.69","0","3","0","3.0","3","1","0","3","1","1.30","9.08","3.58","3.82","0.0","sa507277"
"Rick Porcello","4","3","4.05","10","10","0","57.0","60","26","5","39","14","1.29","6.04","2.21","3.82","0.9","2717"
"Cam Bedrosian","0","0","3.72","0","7","0","7.0","6","3","1","7","3","1.34","9.29","4.38","3.82","0.0","13360"
"T.J. McFarland","1","0","3.77","0","10","0","10.0","10","4","1","7","3","1.32","6.52","2.70","3.82","0.0","3237"
"Sam LeCure","1","1","3.66","0","18","0","18.0","17","7","2","17","6","1.26","8.28","3.05","3.82","0.0","4664"
"Jerry Blevins","1","1","3.36","0","16","0","16.0","14","6","2","15","5","1.24","8.60","2.98","3.82","0.0","7841"
"Pedro Baez","0","0","3.64","0","7","0","7.0","6","3","1","6","2","1.27","8.08","3.11","3.83","0.0","5420"
"Homer Bailey","3","4","3.84","10","10","0","58.0","55","25","7","51","16","1.23","7.92","2.51","3.83","0.6","8362"
"Burke Badenhop","1","1","3.89","0","18","0","18.0","20","8","2","12","5","1.34","5.78","2.39","3.83","0.1","9736"
"Joel Peralta","1","1","3.23","0","18","0","18.0","16","7","2","19","6","1.19","9.10","2.90","3.84","0.0","2332"
"C.J. Wilson","4","4","4.03","11","11","0","64.0","60","29","6","56","25","1.34","7.87","3.55","3.84","0.6","3580"
"Casey Janssen","1","1","3.64","0","21","11","21.0","21","8","2","17","5","1.22","7.19","1.99","3.84","0.1","7355"
"Zack Wheeler","3","4","3.97","9","9","0","58.0","52","25","5","55","25","1.33","8.54","3.85","3.85","0.4","10310"
"Kevin Slowey","0","0","3.58","0","7","0","7.0","7","3","1","5","1","1.20","6.95","1.61","3.85","0.0","9918"
"Dan Jennings","1","1","3.93","0","15","0","15.0","14","7","1","13","7","1.38","7.88","3.95","3.85","0.0","8073"
"Randall Delgado","1","1","3.64","1","16","0","21.0","19","8","2","19","7","1.26","8.36","3.17","3.85","0.1","5985"
"Ross Detwiler","1","0","3.76","0","12","0","12.0","12","5","1","9","3","1.28","6.53","2.26","3.85","0.0","2859"
"Jake Peavy","3","3","3.66","8","8","0","48.0","46","20","6","41","13","1.23","7.63","2.49","3.85","0.4","1051"
"Bartolo Colon","3","4","3.91","9","9","0","58.0","60","25","7","43","10","1.20","6.65","1.53","3.86","0.4","375"
"Noah Syndergaard","0","0","3.94","1","1","0","6.0","6","3","1","6","2","1.29","8.29","3.23","3.86","0.1","sa548169"
"Jon Niese","3","4","3.97","10","10","0","54.0","54","24","5","41","16","1.30","6.86","2.68","3.86","0.4","4424"
"Blake Parker","1","1","3.52","0","14","0","14.0","12","5","2","14","5","1.26","9.23","3.43","3.87","0.0","5224"
"Mario Hollands","1","0","3.79","0","11","0","11.0","11","5","1","9","4","1.31","7.43","3.03","3.87","0.0","10504"
"Blaine Hardy","1","1","3.68","0","12","0","12.0","12","5","1","10","4","1.31","7.59","3.28","3.87","0.1","6499"
"Matt Albers","0","0","3.96","0","3","0","3.0","3","1","0","2","1","1.35","6.82","3.11","3.88","0.0","4300"
"Andrew Heaney","2","2","3.95","4","4","0","26.0","25","11","3","21","8","1.31","7.35","2.94","3.88","0.2","15423"
"Yovani Gallardo","4","4","4.15","10","10","0","63.0","62","29","7","52","20","1.31","7.48","2.89","3.88","0.6","8173"
"Yordano Ventura","3","3","4.02","8","8","0","49.0","46","22","5","42","19","1.32","7.76","3.45","3.88","0.6","11855"
"Ian Kennedy","4","4","3.66","10","10","0","64.0","58","26","8","61","20","1.22","8.60","2.84","3.88","0.4","6986"
"Samuel Deduno","1","1","4.17","1","16","0","22.0","22","10","2","17","9","1.42","7.07","3.70","3.89","0.1","5285"
"Grant Balfour","1","1","3.49","0","18","1","18.0","16","7","2","18","8","1.30","8.79","3.85","3.89","0.0","718"
"Tim Collins","0","0","3.58","0","7","0","7.0","6","3","1","7","3","1.31","9.16","4.11","3.90","0.0","3164"
"LaTroy Hawkins","1","1","4.02","0","22","11","22.0","24","10","2","15","5","1.31","6.24","2.04","3.90","0.1","729"
"Scott Rice","0","0","3.79","0","7","0","7.0","6","3","0","6","3","1.39","7.55","4.08","3.90","0.0","2743"
"Luis Avilan","0","0","3.78","0","8","0","8.0","8","3","1","6","3","1.38","6.97","3.68","3.91","0.0","2882"
"Josh Beckett","3","3","3.91","9","9","0","50.0","47","22","6","44","16","1.25","7.98","2.80","3.91","0.4","510"
"Phil Coke","1","1","3.89","0","14","0","14.0","14","6","1","11","5","1.33","6.89","3.04","3.92","0.0","5535"
"Paul Maholm","1","1","3.92","2","14","0","24.0","25","10","2","16","7","1.32","5.95","2.48","3.92","-0.1","8678"
"Drew Smyly","4","4","3.67","11","11","0","66.0","61","27","8","59","22","1.25","8.04","2.93","3.92","1.0","11760"
"Gonzalez Germen","0","0","3.60","0","8","0","8.0","8","3","1","8","3","1.25","8.23","2.95","3.92","0.0","5876"
"Scott Barnes","0","0","3.67","0","3","0","3.0","3","1","0","3","1","1.33","8.70","3.92","3.92","0.0","8718"
"Vic Black","1","1","3.75","0","18","0","18.0","16","8","2","20","9","1.36","9.62","4.60","3.92","0.0","9195"
"Jonathan Broxton","1","1","3.77","0","22","1","22.0","21","9","2","19","7","1.27","7.84","2.90","3.92","0.0","4759"
"Dan Haren","3","3","3.84","8","8","0","44.0","44","19","6","34","9","1.20","7.05","1.81","3.92","0.3","1757"
"Antonio Bastardo","1","1","3.28","0","18","0","18.0","15","7","2","20","8","1.26","10.21","3.94","3.93","0.0","8844"
"Kameron Loe","1","1","4.02","0","18","0","18.0","19","8","2","11","5","1.35","5.74","2.47","3.93","0.0","4422"
"Mike Leake","3","4","3.97","10","10","0","58.0","59","25","6","42","13","1.26","6.49","2.11","3.94","0.5","10130"
"Brian Schlitter","1","1","3.89","0","15","0","15.0","16","7","1","11","5","1.33","6.22","2.71","3.94","0.0","3599"
"Justin De Fratus","1","1","3.78","0","15","0","15.0","14","6","2","13","5","1.28","7.99","3.08","3.94","0.0","4955"
"Matt Cain","1","1","3.85","2","2","0","10.0","9","4","1","8","3","1.26","7.52","2.71","3.94","0.0","4732"
"Tanner Scheppers","0","0","3.73","0","3","0","3.0","3","1","0","3","1","1.29","7.53","2.82","3.94","0.0","10267"
"Jose Valverde","0","0","3.70","0","5","0","5.0","5","2","1","5","2","1.28","8.53","3.27","3.94","0.0","1726"
"Chris Perez","1","1","3.72","0","15","0","15.0","14","6","2","14","5","1.28","8.26","3.17","3.94","-0.1","5213"
"Rob Wooten","1","1","3.96","0","15","0","15.0","15","6","2","12","4","1.30","7.23","2.69","3.94","0.0","8532"
"Blake Treinen","1","1","4.21","3","8","0","22.0","23","10","2","15","7","1.35","6.31","2.71","3.95","0.0","12572"
"Mike Minor","4","4","3.83","10","10","0","56.0","55","24","7","50","16","1.25","7.89","2.54","3.95","0.4","10021"
"Rafael Soriano","1","1","3.56","0","22","12","22.0","21","9","3","20","7","1.25","8.15","2.74","3.95","0.0","1100"
"Edward Mujica","1","1","3.86","0","18","1","18.0","19","8","2","13","4","1.25","6.45","1.81","3.95","0.1","3970"
"Adam Warren","1","1","3.74","0","15","0","15.0","15","6","2","13","5","1.28","7.54","2.89","3.95","0.1","9029"
"Zach Putnam","1","1","3.98","0","15","0","15.0","14","7","1","13","6","1.33","7.70","3.39","3.95","0.0","9080"
"Neil Wagner","0","0","3.67","0","6","0","6.0","6","3","1","6","2","1.28","8.18","3.15","3.95","0.0","8162"
"Nick Masset","1","1","4.06","0","13","0","13.0","13","6","1","11","5","1.36","7.66","3.17","3.97","0.1","7267"
"Jarrett Grube","0","0","3.77","0","3","0","3.0","3","1","0","3","1","1.26","7.10","2.39","3.97","0.0","7553"
"Carson Smith","0","0","3.75","0","7","0","7.0","6","3","1","6","3","1.30","8.21","3.48","3.97","0.0","sa598101"
"Tyler Lyons","1","1","4.00","3","3","0","16.0","16","7","2","13","5","1.30","6.99","2.78","3.97","0.1","11334"
"Michael Tonkin","0","0","3.96","0","7","0","7.0","7","3","1","6","2","1.34","7.43","3.09","3.97","0.0","10315"
"Edwin Jackson","3","4","4.25","10","10","0","59.0","58","28","6","48","20","1.33","7.40","3.13","3.97","0.5","1841"
"Ryan Mattheus","1","0","4.09","0","10","0","10.0","11","5","1","7","3","1.36","6.31","2.80","3.98","0.0","7169"
"Julio Teheran","4","4","3.66","10","10","0","63.0","59","26","8","57","17","1.22","8.11","2.49","3.98","0.5","6797"
"Esmil Rogers","1","1","3.84","0","13","0","13.0","12","5","1","11","4","1.28","7.54","2.76","3.98","0.0","6317"
"Arnold Leon","0","0","3.84","0","3","0","3.0","3","1","0","3","1","1.26","6.67","2.28","3.99","0.0","sa421188"
"Darin Downs","1","1","3.88","0","15","0","15.0","14","6","2","13","5","1.32","7.68","3.16","3.99","0.0","5903"
"Brandon McCarthy","4","4","4.20","11","11","0","65.0","69","30","8","45","13","1.26","6.19","1.81","3.99","0.8","4662"
"Aaron Crow","1","1","4.05","0","19","0","19.0","18","8","2","15","7","1.36","7.06","3.40","3.99","0.0","10149"
"Trevor Cahill","3","4","4.24","10","13","0","60.0","58","28","5","47","26","1.41","7.10","3.88","3.99","0.4","6249"
"Arodys Vizcaino","1","1","3.96","2","7","0","14.0","13","6","2","13","6","1.32","8.39","3.56","3.99","0.0","5498"
"Ryan Webb","1","1","4.05","0","14","0","14.0","14","6","1","10","4","1.32","6.52","2.74","3.99","0.0","7474"
"Jose Quintana","4","4","3.93","10","10","0","63.0","61","27","7","52","20","1.29","7.50","2.83","3.99","0.8","11423"
"Preston Guilmet","0","0","3.87","0","8","0","8.0","8","4","1","7","2","1.26","7.71","2.57","4.00","0.0","7303"
"Keith Butler","0","0","3.83","0","7","0","7.0","6","3","1","6","3","1.32","7.89","3.40","4.00","0.0","10080"
"Sean Nolin","0","0","3.76","0","3","0","3.0","3","1","0","3","1","1.30","8.10","3.19","4.01","0.0","11341"
"Sam Dyson","1","1","4.04","0","13","0","13.0","14","6","1","9","5","1.38","6.38","3.21","4.01","0.0","11710"
"Michael Gonzalez","0","0","3.82","0","3","0","3.0","3","1","0","3","1","1.32","8.05","3.34","4.02","0.0","1794"
"Joe Thatcher","1","1","3.66","0","15","0","15.0","15","6","2","13","4","1.24","7.55","2.44","4.02","0.0","4620"
"Kyle Hendricks","2","3","4.11","7","7","0","42.0","43","19","5","32","12","1.30","6.73","2.57","4.02","0.4","12049"
"Derek Holland","3","3","4.01","7","7","0","42.0","41","19","5","36","13","1.30","7.82","2.85","4.02","0.4","4141"
"Josh Edgin","1","1","3.87","0","18","0","18.0","17","8","2","17","7","1.34","8.33","3.67","4.03","-0.1","10796"
"Carlos Villanueva","2","2","3.88","3","22","0","35.0","34","15","4","30","10","1.26","7.65","2.65","4.03","0.1","4138"
"Chad Bettis","0","0","4.05","0","8","0","8.0","9","4","1","7","3","1.34","7.44","2.85","4.03","0.0","10587"
"Jeff Locke","3","4","4.21","9","9","0","54.0","54","25","5","40","21","1.39","6.66","3.46","4.04","0.3","2929"
"Tanner Roark","4","4","4.07","10","10","0","56.0","57","25","6","43","16","1.29","6.92","2.50","4.04","0.4","8753"
"Phil Hughes","4","4","3.91","10","10","0","65.0","66","28","9","53","14","1.22","7.36","1.88","4.04","0.8","7450"
"Shawn Tolleson","1","1","3.80","0","18","0","18.0","17","8","2","18","7","1.31","8.74","3.47","4.04","0.1","10481"
"Tyler Skaggs","3","3","4.03","8","8","0","46.0","44","20","5","37","17","1.33","7.39","3.30","4.04","0.4","10190"
"Alfredo Figaro","0","0","4.08","0","7","0","7.0","7","3","1","5","2","1.31","6.92","2.66","4.05","0.0","8404"
"Vance Worley","2","2","4.16","6","6","0","32.0","34","15","3","22","8","1.31","6.11","2.35","4.05","0.2","6435"
"Francisley Bueno","1","1","3.85","0","12","0","12.0","12","5","1","9","4","1.32","6.58","2.92","4.05","0.0","5980"
"Matt West","0","0","3.94","0","3","0","3.0","3","1","0","3","1","1.31","7.73","3.04","4.05","0.0","7980"
"Brad Lincoln","0","0","3.70","0","3","0","3.0","3","1","0","3","1","1.27","7.88","2.92","4.05","0.0","4241"
"Matt Andriese","0","0","3.82","0","7","0","7.0","7","3","1","5","2","1.26","6.77","2.40","4.05","0.0","sa577754"
"Lucas Luetge","0","0","3.94","0","8","0","8.0","8","4","1","7","4","1.38","7.74","4.09","4.05","0.0","8337"
"Jared Burton","1","1","3.76","0","19","0","19.0","18","8","2","15","6","1.29","7.38","2.88","4.06","0.1","8346"
"Todd Redmond","1","1","3.62","0","18","0","18.0","17","7","3","16","5","1.22","8.19","2.31","4.06","0.1","9943"
"Justin Verlander","4","4","3.84","11","11","0","64.0","61","27","8","54","20","1.26","7.57","2.80","4.06","0.9","8700"
"Jacob deGrom","3","4","4.24","10","10","0","54.0","53","26","6","45","19","1.32","7.49","3.08","4.07","0.2","10954"
"Todd Coffey","0","0","3.92","0","3","0","3.0","3","1","0","3","1","1.32","7.46","3.26","4.07","0.0","2467"
"Stolmy Pimentel","1","0","3.63","0","10","0","10.0","10","4","1","8","3","1.28","7.51","2.97","4.07","0.0","6415"
"Josh Tomlin","1","1","4.05","4","4","0","22.0","23","10","3","17","4","1.24","6.72","1.79","4.07","0.2","9388"
"Mike Bolsinger","3","4","4.25","9","9","0","53.0","52","25","5","43","21","1.37","7.22","3.49","4.07","0.4","11137"
"Chris Archer","4","4","4.11","10","10","0","64.0","60","29","6","55","27","1.35","7.70","3.76","4.07","0.5","6345"
"Ryan Vogelsong","3","4","4.14","10","10","0","58.0","57","26","6","45","18","1.31","7.00","2.85","4.08","0.1","1011"
"Eric Surkamp","1","0","3.64","0","11","0","11.0","11","5","2","11","3","1.24","8.31","2.64","4.08","0.0","2540"
"Matt Wisler","0","0","4.13","1","1","0","6.0","6","3","1","5","2","1.31","7.46","3.03","4.08","0.1","sa601046"
"James Paxton","3","3","4.19","8","8","0","48.0","45","22","5","41","21","1.39","7.66","4.01","4.08","0.4","11828"
"Hiroki Kuroda","4","4","4.03","10","10","0","65.0","67","29","8","47","15","1.25","6.45","2.07","4.08","0.8","3283"
"Octavio Dotel","1","1","3.84","0","12","0","12.0","12","5","2","10","3","1.24","7.30","2.37","4.08","0.0","555"
"Nathan Eovaldi","3","4","4.20","9","9","0","58.0","59","27","6","43","19","1.34","6.65","2.92","4.08","0.4","9132"
"Jake Buchanan","0","0","4.17","0","7","0","7.0","7","3","1","4","1","1.30","5.19","1.68","4.08","0.0","10962"
"John Lannan","0","0","4.01","0","3","0","3.0","4","1","0","2","1","1.35","5.57","2.60","4.08","0.0","7080"
"Logan Ondrusek","1","1","3.89","0","13","0","13.0","13","6","2","12","5","1.31","7.90","3.20","4.09","0.0","3677"
"Tim Byrdak","1","1","3.74","0","15","0","15.0","14","6","2","13","6","1.31","8.07","3.45","4.09","0.0","1995"
"Fernando Salas","1","1","3.79","0","12","0","12.0","11","5","2","10","4","1.26","7.90","2.73","4.09","0.0","4971"
"Brad Brach","1","0","3.76","0","12","0","12.0","11","5","2","12","4","1.28","8.79","3.38","4.09","0.0","6627"
"Joe Ortiz","0","0","3.93","0","3","0","3.0","3","1","0","3","1","1.31","6.88","2.65","4.09","0.0","7955"
"J.J. Hoover","1","1","3.39","0","15","0","15.0","13","6","2","16","6","1.25","9.74","3.60","4.10","0.0","9037"
"Nick Greenwood","1","1","4.05","0","12","0","12.0","13","5","1","7","3","1.34","5.58","2.53","4.10","-0.1","8182"
"Taylor Jordan","0","0","4.31","1","1","0","3.0","4","2","0","2","1","1.34","5.97","2.52","4.10","0.0","10466"
"Cory Burns","0","0","3.91","0","3","0","3.0","3","1","0","3","1","1.31","7.28","3.12","4.10","0.0","6620"
"Jason Hammel","3","3","4.13","8","8","0","46.0","45","21","5","36","14","1.31","7.15","2.85","4.10","0.4","4538"
"Matt Daley","0","0","3.54","0","3","0","3.0","3","1","0","3","1","1.22","8.19","2.54","4.10","0.0","7952"
"Drew Rucinski","1","1","3.99","1","10","0","15.0","15","7","2","12","5","1.30","6.95","2.71","4.11","0.0","12499"
"Pedro Feliciano","1","1","3.86","0","13","0","13.0","13","6","1","11","4","1.31","7.10","2.94","4.11","0.0","1601"
"Wily Peralta","3","3","4.34","9","9","0","50.0","51","24","5","39","19","1.39","6.99","3.43","4.12","0.4","7738"
"Matt Shoemaker","4","3","4.17","9","13","0","55.0","56","26","7","42","14","1.27","6.86","2.26","4.12","0.2","4776"
"Jeff Karstens","4","4","4.26","10","10","0","64.0","67","30","8","44","15","1.29","6.18","2.12","4.12","0.5","5879"
"Dustin McGowan","1","1","3.82","0","14","0","14.0","14","6","2","13","5","1.29","8.14","3.09","4.13","0.1","8600"
"Chase Anderson","1","1","4.09","3","3","0","19.0","18","9","2","16","6","1.30","7.64","3.02","4.13","0.2","6895"
"Ian Krol","1","1","3.87","0","16","0","16.0","15","7","2","13","5","1.30","7.29","2.88","4.13","0.0","10066"
"Joe Savery","0","0","3.98","0","5","0","5.0","5","2","1","4","2","1.37","7.01","3.49","4.13","0.0","2835"
"Matt Garza","3","4","4.23","10","10","0","56.0","57","27","7","47","17","1.31","7.48","2.73","4.13","0.4","3340"
"Jake Odorizzi","4","4","3.87","10","10","0","58.0","53","25","8","54","21","1.29","8.48","3.35","4.14","0.4","6397"
"Jason Lane","1","1","4.07","2","10","0","18.0","19","8","2","11","4","1.27","5.35","1.79","4.14","0.0","1397"
"Chase Whitley","2","2","4.12","3","15","0","28.0","28","13","3","23","9","1.31","7.31","2.90","4.14","0.1","10982"
"Matt Lindstrom","1","1","4.24","0","21","1","21.0","22","10","2","16","7","1.36","6.83","3.10","4.14","0.0","4604"
"Tsuyoshi Wada","1","1","4.10","3","3","0","20.0","19","9","2","16","7","1.32","7.42","3.18","4.15","0.2","13046"
"Alberto Cabrera","0","0","4.02","0","8","0","8.0","8","4","1","8","4","1.38","8.28","4.16","4.15","0.0","8352"
"Rafael Montero","1","1","4.08","3","6","0","19.0","18","9","2","17","7","1.31","7.89","3.19","4.15","0.0","12760"
"Daniel Webb","1","1","4.13","0","13","0","13.0","12","6","1","12","6","1.41","8.34","4.46","4.16","0.0","10558"
"Luis Garcia","0","0","4.12","0","5","0","5.0","5","2","0","4","2","1.41","7.69","4.15","4.16","0.0","6984"
"Christian Bergman","1","1","4.24","0","12","0","12.0","13","5","2","8","2","1.28","6.17","1.53","4.16","0.0","10925"
"Brian Matusz","1","1","3.69","0","19","0","19.0","18","8","3","17","6","1.27","8.00","2.92","4.16","0.1","2646"
"Jacob Turner","3","4","4.54","8","18","0","55.0","58","28","5","38","19","1.40","6.30","3.10","4.16","0.0","10185"
"Anthony DeSclafani","2","2","4.37","6","6","0","32.0","33","16","4","24","9","1.32","6.80","2.62","4.17","0.2","13050"
"Wilking Rodriguez","0","0","3.94","0","5","0","5.0","5","2","1","4","2","1.35","7.75","3.61","4.17","0.0","8801"
"T.J. House","2","3","4.46","7","7","0","42.0","44","21","3","27","16","1.44","5.89","3.40","4.17","0.3","9121"
"Felix Doubront","3","3","4.16","7","20","0","52.0","50","24","6","44","20","1.36","7.62","3.53","4.17","0.3","1478"
"Louis Coleman","1","0","3.59","0","8","0","8.0","8","3","1","8","3","1.29","8.25","3.41","4.18","0.0","9720"
"Liam Hendriks","1","1","4.05","2","12","0","22.0","23","10","3","15","4","1.24","6.12","1.72","4.18","0.1","3548"
"Fernando Rodriguez","0","0","3.84","0","7","0","7.0","6","3","1","6","3","1.31","7.84","3.39","4.18","0.0","7558"
"Brandon Gomes","1","0","3.55","0","12","0","12.0","11","5","2","10","4","1.26","7.80","2.94","4.18","0.0","2267"
"Jake Petricka","1","1","4.25","0","21","11","21.0","21","10","2","17","11","1.46","7.26","4.47","4.19","0.0","10534"
"Jose Veras","1","1","3.97","0","11","1","11.0","11","5","1","11","5","1.36","8.38","3.94","4.19","0.0","2063"
"Casey Sadler","0","0","4.12","0","8","0","8.0","9","4","1","5","2","1.32","5.91","2.41","4.19","-0.1","11209"
"Alexi Ogando","0","0","3.86","0","3","0","3.0","3","1","0","3","1","1.28","7.62","2.67","4.20","0.0","10261"
"Clay Buchholz","4","4","4.35","10","10","0","64.0","66","31","7","48","22","1.37","6.81","3.03","4.20","0.7","3543"
"Mat Latos","3","4","4.14","9","9","0","54.0","53","25","7","45","16","1.28","7.43","2.68","4.20","0.5","3815"
"Cesar Ramos","1","1","4.14","2","15","0","23.0","22","11","2","18","9","1.37","7.00","3.51","4.20","-0.1","3357"
"Roenis Elias","3","3","4.09","8","8","0","48.0","45","22","5","40","19","1.34","7.60","3.52","4.20","0.4","12673"
"Mike Montgomery","0","0","3.89","0","5","0","5.0","5","2","1","4","2","1.33","6.92","3.20","4.20","0.0","sa454399"
"Bo Schultz","1","1","4.08","0","11","0","11.0","12","5","1","8","3","1.32","6.49","2.70","4.21","0.0","5028"
"Tony Cingrani","2","2","3.77","4","4","0","26.0","22","11","4","27","12","1.31","9.63","4.07","4.21","0.2","12555"
"Greg Burke","0","0","4.27","0","3","0","3.0","3","2","0","3","1","1.41","7.36","3.59","4.21","0.0","6282"
"Chad Durbin","0","0","4.01","0","7","0","7.0","6","3","1","5","2","1.33","7.11","3.10","4.21","0.0","1442"
"Jimmy Nelson","3","4","4.24","8","18","0","57.0","53","27","6","53","25","1.38","8.31","4.01","4.21","0.1","10547"
"Dane de la Rosa","0","0","4.16","0","3","0","3.0","3","2","0","3","2","1.42","7.25","4.18","4.22","0.0","10095"
"Roberto Hernandez","3","4","4.35","9","9","0","50.0","52","24","5","35","18","1.38","6.22","3.14","4.22","0.2","3273"
"Michael Mariot","1","0","4.00","0","10","0","10.0","10","5","1","8","4","1.34","7.05","3.17","4.22","0.0","10835"
"Donn Roach","1","0","4.19","0","10","0","10.0","11","5","1","6","3","1.39","5.63","2.99","4.22","-0.1","10620"
"Ryan Pressly","1","1","4.29","0","12","0","12.0","12","6","1","9","4","1.40","6.71","3.32","4.22","0.0","7005"
"Donovan Hand","0","0","4.11","0","3","0","3.0","3","1","0","2","1","1.32","6.45","2.52","4.22","0.0","8728"
"Ryan Buchter","1","0","4.18","0","10","0","10.0","8","5","1","10","7","1.52","9.62","6.09","4.23","-0.1","9456"
"Anthony Bass","1","1","4.25","0","18","0","18.0","19","8","2","12","5","1.35","6.23","2.64","4.23","0.0","7982"
"David Huff","1","0","3.90","0","10","0","10.0","10","4","1","7","3","1.28","6.58","2.46","4.23","0.0","4257"
"Kyle Gibson","3","3","4.51","8","8","0","49.0","53","24","5","30","16","1.42","5.57","2.97","4.23","0.5","10123"
"Ricky Nolasco","2","3","4.55","6","6","0","36.0","39","18","4","24","9","1.34","6.07","2.24","4.24","0.3","3830"
"Curtis Partch","0","0","3.95","0","8","0","8.0","8","4","1","8","4","1.35","8.61","3.98","4.24","0.0","1333"
"Michael Blazek","0","0","4.09","0","8","0","8.0","8","4","1","8","4","1.39","8.32","4.10","4.24","0.0","9654"
"Caleb Thielbar","1","1","3.83","0","14","0","14.0","13","6","2","11","4","1.31","7.58","2.91","4.25","0.0","10078"
"Joe Paterson","0","0","3.98","0","8","0","8.0","8","4","1","6","3","1.35","6.80","3.19","4.25","0.0","2565"
"Steve Delabar","0","0","3.86","0","5","0","5.0","4","2","1","5","2","1.36","9.36","4.32","4.25","0.0","11827"
"Dan Runzler","0","0","4.21","0","8","0","8.0","7","4","1","8","5","1.49","8.51","5.43","4.25","0.0","4080"
"Dillon Gee","3","4","4.26","9","9","0","51.0","52","24","6","38","15","1.30","6.71","2.58","4.26","0.1","7396"
"Edinson Volquez","3","4","4.62","10","10","0","54.0","55","28","5","40","22","1.43","6.60","3.69","4.27","0.1","3990"
"Carlos Contreras","1","0","4.00","0","10","0","10.0","9","4","1","10","5","1.38","8.81","4.29","4.27","0.0","10386"
"Jordan Lyles","1","1","4.53","2","2","0","13.0","14","6","1","9","4","1.41","6.31","2.96","4.27","0.1","7593"
"Cody Eppley","0","0","4.34","0","3","0","3.0","3","2","0","2","1","1.47","5.98","3.96","4.27","0.0","9095"
"Collin McHugh","4","4","4.22","10","10","0","60.0","57","28","8","52","21","1.32","7.90","3.19","4.27","0.5","7531"
"Tommy Kahnle","0","0","4.42","0","7","0","7.0","6","3","1","7","4","1.47","8.79","4.80","4.27","0.0","11384"
"Wei-Chung Wang","1","1","3.98","0","18","0","18.0","18","8","2","15","7","1.34","7.42","3.26","4.27","0.0","14382"
"Ben Rowen","0","0","4.23","0","8","0","8.0","9","4","1","6","2","1.34","6.42","2.66","4.28","0.0","10983"
"Brandon Workman","4","3","4.41","8","17","0","56.0","57","28","7","45","19","1.36","7.16","3.11","4.29","0.3","11428"
"Jorge de la Rosa","4","4","4.51","10","10","0","64.0","66","32","7","49","24","1.41","6.88","3.39","4.29","0.8","2047"
"Vidal Nuno","2","3","4.05","7","7","0","41.0","40","18","6","33","12","1.29","7.21","2.70","4.30","0.3","9674"
"Brandon Cumpton","2","2","4.41","4","18","0","39.0","42","19","4","25","12","1.39","5.74","2.87","4.30","-0.3","11366"
"Shelby Miller","3","4","4.20","9","9","0","52.0","50","24","6","44","21","1.36","7.66","3.60","4.31","0.2","10197"
"R.A. Dickey","4","4","4.07","10","10","0","61.0","59","27","8","48","19","1.29","7.18","2.78","4.31","0.6","1245"
"Blake Wood","0","0","4.30","0","3","0","3.0","3","2","0","3","2","1.48","8.29","5.26","4.32","0.0","1345"
"Pat McCoy","0","0","4.15","0","7","0","7.0","7","3","1","5","2","1.36","6.20","3.06","4.32","0.0","6605"
"Chad Smith","1","0","4.16","0","11","0","11.0","11","5","1","8","3","1.34","6.75","2.98","4.32","0.0","13604"
"Luke Putkonen","0","0","4.35","0","4","0","4.0","4","2","0","2","1","1.37","6.18","2.99","4.32","0.0","6736"
"Rob Scahill","0","0","4.32","0","5","0","5.0","5","2","1","4","2","1.40","7.15","3.26","4.33","0.0","9286"
"Phillippe Aumont","1","1","4.41","0","13","0","13.0","11","6","1","13","9","1.51","9.12","5.87","4.34","-0.1","5362"
"Wilmer Font","0","0","4.19","0","3","0","3.0","3","2","0","3","2","1.44","9.03","4.85","4.34","0.0","5257"
"Odrisamer Despaigne","1","1","4.46","3","3","0","16.0","16","8","2","13","7","1.40","7.11","3.73","4.34","0.0","16017"
"David Hale","2","2","4.53","4","16","0","37.0","39","18","3","24","14","1.45","5.93","3.55","4.34","-0.2","9756"
"Brandon Morrow","1","1","4.40","2","2","0","9.0","9","5","1","8","3","1.36","7.81","3.35","4.35","0.1","9346"
"Kyle Lohse","4","4","4.31","10","10","0","63.0","67","30","9","44","13","1.28","6.35","1.91","4.35","0.3","739"
"Rob Rasmussen","0","0","4.13","0","8","0","8.0","8","4","1","7","4","1.40","7.92","4.07","4.35","0.0","11250"
"Eury De la Rosa","1","1","4.06","0","18","0","18.0","17","8","2","16","8","1.40","7.87","4.11","4.36","-0.1","4055"
"Drew Hutchison","4","4","4.31","10","10","0","62.0","60","30","9","54","21","1.32","7.92","3.07","4.37","0.6","10732"
"Tom Koehler","3","4","4.65","9","9","0","54.0","56","28","6","41","23","1.44","6.82","3.74","4.37","0.2","6570"
"Kevin Chapman","0","0","4.25","0","8","0","8.0","7","4","1","9","5","1.49","9.42","5.58","4.37","0.0","11240"
"Jose Arredondo","0","0","4.19","0","3","0","3.0","3","2","0","3","2","1.41","8.25","4.46","4.37","0.0","4722"
"Enny Romero","0","0","4.13","0","8","0","8.0","8","4","1","7","4","1.43","7.38","4.41","4.37","0.0","4001"
"Daisuke Matsuzaka","2","2","4.14","3","14","0","28.0","25","13","3","26","12","1.36","8.30","3.92","4.38","-0.2","7775"
"Mike Kickham","1","1","4.59","2","2","0","13.0","13","7","1","10","6","1.47","6.81","4.30","4.38","0.1","11618"
"Cory Rasmus","0","0","4.12","0","5","0","5.0","5","2","1","5","2","1.41","8.11","4.27","4.38","0.0","2413"
"Zach McAllister","3","4","4.53","10","10","0","61.0","63","31","8","47","20","1.36","6.92","2.95","4.39","0.4","2895"
"Ross Ohlendorf","0","0","4.13","1","4","0","7.0","7","3","1","5","2","1.31","7.03","2.65","4.39","0.0","8268"
"Kevin Gausman","3","3","4.45","9","9","0","49.0","49","24","6","39","17","1.36","7.27","3.21","4.39","0.4","14107"
"Tommy Milone","2","2","4.26","6","6","0","33.0","35","15","5","23","8","1.32","6.30","2.30","4.40","0.2","7608"
"Dan Straily","1","1","4.11","2","2","0","10.0","9","4","1","9","4","1.34","8.14","3.57","4.40","0.1","9460"
"Eric Stults","2","3","4.36","8","8","0","45.0","47","22","6","29","12","1.32","5.78","2.33","4.41","0.0","8011"
"Joe Beimel","1","1","4.14","0","13","0","13.0","14","6","1","9","5","1.39","5.82","3.18","4.42","-0.1","979"
"Hector Santiago","2","2","3.85","5","15","0","36.0","33","16","5","33","15","1.33","8.08","3.65","4.42","0.0","4026"
"Taijuan Walker","2","2","4.37","6","6","0","32.0","30","16","4","28","15","1.40","7.76","4.17","4.43","0.1","11836"
"Tom Layne","0","0","4.29","0","5","0","5.0","5","2","1","4","2","1.45","7.14","4.08","4.43","0.0","7501"
"Aaron Harang","3","3","4.44","9","9","0","50.0","51","25","7","39","18","1.37","7.04","3.21","4.43","0.1","1451"
"Kevin Gregg","1","1","4.30","0","22","2","22.0","21","10","3","18","9","1.41","7.30","3.88","4.44","-0.1","1793"
"Jeff Walters","0","0","4.34","0","3","0","3.0","3","2","0","2","1","1.38","6.29","3.14","4.44","0.0","sa328221"
"Wei-Yin Chen","4","4","4.15","10","10","0","59.0","60","27","9","44","15","1.28","6.72","2.30","4.44","0.5","13071"
"Alfredo Simon","3","4","4.40","10","15","0","59.0","61","29","7","42","18","1.35","6.39","2.80","4.44","0.0","2155"
"Neftali Feliz","1","1","3.86","0","22","11","22.0","21","9","3","19","8","1.34","7.79","3.38","4.45","0.0","18"
"Roman Mendez","1","1","4.31","0","13","0","13.0","13","6","2","11","6","1.42","7.40","3.86","4.45","0.0","10307"
"David Martinez","1","0","4.32","0","10","0","10.0","10","5","1","7","3","1.34","6.23","2.47","4.45","0.0","8893"
"Jered Weaver","4","4","4.08","10","10","0","65.0","65","30","10","51","18","1.27","7.03","2.44","4.46","0.3","4235"
"Edgar Olmos","0","0","4.41","0","3","0","3.0","3","2","0","3","2","1.51","7.36","4.93","4.46","0.0","10174"
"J.R. Graham","0","0","4.56","1","1","0","6.0","7","3","1","5","2","1.40","6.47","3.30","4.46","0.0","sa579841"
"Red Patterson","1","1","4.59","2","2","0","9.0","9","5","1","7","4","1.42","6.89","3.86","4.47","0.0","10710"
"Justin Miller","0","0","4.18","0","9","0","9.0","9","4","1","7","3","1.36","6.87","3.19","4.47","0.0","8580"
"Brian Flynn","1","1","4.57","3","3","0","16.0","17","8","2","11","6","1.44","6.05","3.61","4.47","0.1","12027"
"Aaron Sanchez","1","1","4.42","0","13","0","13.0","12","6","1","11","7","1.47","7.94","4.64","4.47","0.0","11490"
"Anthony Swarzak","1","1","4.64","2","12","0","20.0","22","10","2","13","6","1.41","5.76","2.82","4.47","-0.1","7466"
"Marco Estrada","1","1","4.15","3","3","0","16.0","15","7","3","14","5","1.27","7.83","2.69","4.48","0.1","1118"
"Alex Wilson","1","1","4.34","0","12","0","12.0","12","6","1","9","5","1.42","7.21","3.76","4.49","0.0","9239"
"Eddie Gamboa","0","0","4.23","0","3","0","3.0","3","2","0","3","1","1.34","6.86","2.89","4.49","0.0","sa455163"
"Jason Vargas","3","3","4.32","7","7","0","42.0","44","20","6","28","12","1.33","5.89","2.52","4.49","0.3","8044"
"Ubaldo Jimenez","2","2","4.59","6","6","0","33.0","31","17","4","29","16","1.43","7.99","4.30","4.49","0.2","3374"
"Alex White","1","1","4.63","1","19","0","25.0","26","13","3","18","10","1.44","6.56","3.61","4.49","-0.1","10054"
"Nate Karns","0","0","4.44","1","1","0","7.0","6","3","1","6","3","1.42","7.91","4.41","4.49","0.0","12638"
"Jim Miller","0","0","4.15","0","8","0","8.0","8","4","1","8","3","1.35","8.02","3.63","4.49","0.0","7458"
"Chad Jenkins","1","1","4.51","0","11","0","11.0","13","6","1","6","3","1.35","5.06","2.06","4.50","0.0","10326"
"Jeremy Hellickson","3","3","4.28","8","8","0","48.0","49","23","7","35","15","1.32","6.50","2.81","4.50","0.1","4371"
"Jeff Manship","1","1","4.58","1","11","0","16.0","17","8","2","11","6","1.42","6.22","3.34","4.50","-0.1","6865"
"David Phelps","4","4","4.34","10","10","0","59.0","58","28","8","48","22","1.36","7.43","3.42","4.51","0.5","6316"
"Pedro Beato","0","0","4.26","0","3","0","3.0","3","2","0","3","1","1.39","7.42","3.73","4.51","0.0","1330"
"B.J. Rosenberg","0","0","4.27","0","8","0","8.0","8","4","1","7","3","1.38","7.49","3.68","4.52","-0.1","7183"
"Nathan Adcock","0","0","4.45","0","7","0","7.0","7","3","1","5","2","1.41","6.16","3.16","4.52","0.0","3282"
"Danny Duffy","3","2","4.04","7","7","0","39.0","37","18","5","34","17","1.38","7.78","3.91","4.52","0.3","3542"
"Steven Wright","0","0","4.40","0","3","0","3.0","3","2","0","2","1","1.41","6.51","3.40","4.52","0.0","8185"
"Zach Lee","1","1","4.58","2","2","0","9.0","10","5","1","7","4","1.40","6.45","3.39","4.53","0.0","sa548182"
"Tyler Thornburg","1","1","4.38","1","4","0","10.0","9","5","1","9","4","1.40","8.09","4.01","4.54","0.0","10688"
"Rubby de la Rosa","3","4","4.76","10","10","0","58.0","58","30","6","44","26","1.47","6.90","4.10","4.54","0.4","3862"
"Kyle Kendrick","3","4","4.52","9","9","0","50.0","54","25","7","32","14","1.35","5.66","2.51","4.55","0.1","6230"
"Brad Hand","2","3","4.65","6","11","0","40.0","40","21","4","32","21","1.51","7.22","4.71","4.55","-0.2","9111"
"Preston Claiborne","0","0","4.29","0","7","0","7.0","7","3","1","5","3","1.39","7.16","3.71","4.55","0.0","10500"
"Jose Ramirez","0","0","4.09","0","5","0","5.0","5","2","1","5","2","1.38","8.47","4.18","4.55","0.0","10171"
"Scott Feldman","3","4","4.76","9","9","0","60.0","64","32","8","39","18","1.39","5.87","2.79","4.55","0.3","6283"
"Jonathan Pettibone","0","0","4.76","1","1","0","3.0","3","2","0","2","1","1.42","5.76","3.15","4.55","0.0","7106"
"Mark Buehrle","4","4","4.44","10","10","0","62.0","67","30","8","37","16","1.35","5.43","2.28","4.55","0.5","225"
"Juan Nicasio","1","1","4.84","2","2","0","13.0","14","7","2","9","5","1.44","6.58","3.24","4.58","0.1","7731"
"Erasmo Ramirez","1","1","4.54","3","3","0","16.0","16","8","2","11","5","1.36","6.45","3.04","4.58","0.1","10314"
"Joe Kelly","4","4","4.86","11","11","0","65.0","71","35","7","41","25","1.48","5.68","3.43","4.58","-0.1","9761"
"Javy Guerra","1","1","4.46","0","18","0","18.0","18","9","2","15","8","1.42","7.56","3.88","4.58","-0.1","7407"
"Stephen Fife","0","0","4.74","1","1","0","6.0","7","3","1","4","2","1.44","5.89","3.45","4.59","0.0","8077"
"Yohan Pino","2","3","4.54","7","7","0","39.0","41","20","6","29","12","1.37","6.61","2.82","4.59","0.3","6955"
"Stephen Pryor","0","0","4.59","0","8","0","8.0","8","4","1","7","4","1.51","7.30","4.63","4.59","-0.1","10663"
"Josh Lindblom","0","0","4.02","0","3","0","3.0","3","2","0","2","1","1.33","6.40","2.80","4.60","0.0","7882"
"Bud Norris","3","3","4.45","8","8","0","46.0","46","23","7","37","16","1.36","7.24","3.24","4.60","0.3","9492"
"Drake Britton","1","0","4.47","0","10","0","10.0","10","5","1","7","5","1.48","6.45","4.11","4.61","-0.1","2868"
"Yohan Flande","2","2","4.95","4","4","0","26.0","28","14","3","16","10","1.52","5.73","3.61","4.61","0.2","5057"
"J.A. Happ","3","3","4.49","9","9","0","49.0","49","25","7","41","20","1.41","7.45","3.72","4.61","0.3","7410"
"Michael Pineda","1","1","4.24","3","3","0","16.0","16","8","3","14","5","1.30","7.68","2.91","4.62","0.1","5372"
"Taylor Thompson","0","0","4.50","0","10","0","10.0","10","5","1","8","4","1.43","7.33","4.02","4.64","-0.1","10019"
"Ryan Feierabend","1","1","4.36","0","12","0","12.0","13","6","2","7","3","1.37","5.48","2.33","4.64","0.0","6336"
"Jon Gray","1","1","4.84","2","2","0","13.0","14","7","2","10","5","1.45","6.77","3.44","4.64","0.0","sa549112"
"Jhoulys Chacin","1","1","4.86","3","3","0","19.0","21","10","2","13","7","1.48","6.12","3.48","4.65","0.2","2608"
"Craig Breslow","1","1","4.39","0","15","0","15.0","16","7","2","10","6","1.45","6.13","3.61","4.66","-0.1","4363"
"Chris Capuano","2","3","4.44","7","7","0","39.0","40","19","6","28","13","1.36","6.54","3.01","4.66","0.2","1701"
"Zach Miner","0","0","4.57","0","5","0","5.0","5","2","1","3","2","1.43","5.80","3.39","4.66","0.0","3193"
"Zeke Spruill","1","1","4.72","2","2","0","13.0","13","7","2","8","4","1.42","5.74","3.19","4.66","0.0","3873"
"Christian Friedrich","1","1","4.81","4","4","0","22.0","24","12","3","17","9","1.46","6.86","3.55","4.67","0.2","7942"
"Edgmer Escalona","0","0","4.31","0","3","0","3.0","3","2","1","2","1","1.33","6.74","2.63","4.68","0.0","8574"
"Kris Johnson","1","1","4.90","2","2","0","10.0","10","5","1","7","4","1.51","6.11","4.06","4.69","0.0","886"
"Jesse Biddle","0","0","4.76","1","1","0","3.0","3","2","0","3","2","1.53","8.14","5.49","4.69","0.0","sa548186"
"Michael Kohn","0","0","4.11","0","3","0","3.0","3","2","0","3","2","1.44","8.89","4.99","4.70","0.0","8505"
"Trevor Bauer","4","4","4.64","10","10","0","64.0","62","33","9","57","31","1.44","8.01","4.33","4.70","0.2","12703"
"Henry Rodriguez","0","0","5.08","0","8","0","8.0","7","5","1","9","7","1.66","9.81","7.47","4.71","-0.1","6371"
"Gus Schlosser","1","1","4.74","2","5","0","13.0","13","7","2","9","5","1.45","6.23","3.59","4.71","-0.1","12321"
"Jeremy Bonderman","1","1","4.66","0","11","0","11.0","12","5","1","6","3","1.40","5.42","2.68","4.71","-0.1","1667"
"Jerome Williams","1","1","4.93","2","2","0","10.0","11","5","1","6","3","1.45","5.44","2.96","4.71","0.1","1137"
"Brett Oberholtzer","3","4","4.53","10","10","0","56.0","60","28","9","39","16","1.36","6.22","2.60","4.72","0.2","3855"
"Travis Wood","3","4","4.30","9","9","0","55.0","55","26","8","44","21","1.37","7.11","3.36","4.72","0.1","9884"
"Nestor Molina","0","0","4.59","0","5","0","5.0","5","3","1","3","1","1.37","5.68","2.51","4.74","0.0","sa503616"
"David Carpenter","0","0","4.70","0","3","0","3.0","3","2","0","2","2","1.49","6.27","4.16","4.75","0.0","9244"
"Kevin Correia","3","5","5.17","10","10","0","59.0","70","34","8","30","16","1.46","4.57","2.40","4.76","0.2","1767"
"Jeremy Guthrie","3","4","4.72","10","10","0","62.0","68","32","8","36","18","1.39","5.28","2.63","4.76","0.2","2072"
"Barry Zito","2","3","4.71","8","8","0","48.0","51","25","6","30","18","1.45","5.63","3.40","4.76","0.1","944"
"Brad Peacock","3","4","4.73","10","10","0","56.0","56","30","8","48","26","1.44","7.65","4.14","4.76","0.2","5401"
"Josh Collmenter","4","4","4.41","10","15","0","65.0","67","32","10","46","20","1.34","6.44","2.73","4.76","-0.1","7312"
"Nick Tepesch","3","4","4.77","10","10","0","58.0","63","31","8","39","19","1.42","6.06","2.98","4.77","0.5","11716"
"Daniel Schlereth","0","0","4.64","0","7","0","7.0","7","4","1","5","4","1.55","6.91","5.12","4.79","-0.1","8739"
"Michael Belfiore","0","0","4.50","0","5","0","5.0","5","3","1","4","2","1.46","6.74","4.08","4.79","0.0","9324"
"Archie Bradley","0","0","4.87","1","1","0","3.0","3","2","0","3","2","1.53","8.00","5.37","4.79","0.0","sa597753"
"Shane Greene","2","2","4.88","6","6","0","33.0","34","18","4","22","14","1.47","6.12","3.89","4.79","0.1","10756"
"Dallas Beeler","1","1","4.86","2","2","0","13.0","14","7","2","8","5","1.47","5.62","3.52","4.79","0.0","11471"
"Andre Rienzo","1","2","5.04","3","11","0","27.0","28","15","3","21","13","1.52","7.05","4.44","4.80","-0.1","3507"
"Logan Bawcom","0","0","4.69","0","5","0","5.0","5","3","1","4","3","1.51","6.73","4.61","4.81","-0.1","sa549287"
"Logan Darnell","1","1","4.98","3","3","0","20.0","21","11","2","12","8","1.50","5.48","3.61","4.82","0.0","11261"
"Miles Mikolas","2","2","4.98","4","8","0","29.0","32","16","4","18","10","1.45","5.62","2.99","4.84","0.0","9803"
"Chris Tillman","4","4","4.67","10","10","0","65.0","67","34","10","49","24","1.40","6.82","3.30","4.84","0.2","5279"
"John Lamb","1","1","4.75","2","2","0","10.0","10","5","1","6","4","1.47","5.98","3.88","4.85","0.0","sa454551"
"David Buchanan","1","1","4.79","3","3","0","16.0","17","8","2","10","6","1.44","5.73","3.39","4.86","0.0","11176"
"Ethan Martin","0","1","4.66","1","7","0","10.0","9","5","1","9","5","1.50","8.30","5.11","4.86","-0.1","3877"
"John Danks","2","3","4.77","8","8","0","44.0","47","23","7","30","14","1.39","6.06","2.97","4.87","0.2","6329"
"Jorge Rondon","1","1","4.83","0","19","0","19.0","20","10","2","12","9","1.53","5.67","4.23","4.87","-0.2","sa455642"
"Edgar Ibarra","0","0","4.79","0","5","0","5.0","5","3","1","3","2","1.54","6.00","4.35","4.87","-0.1","sa456481"
"Rudy Owens","1","1","4.70","2","5","0","13.0","14","7","2","8","4","1.39","5.65","2.71","4.88","0.0","5226"
"Franklin Morales","2","2","4.90","6","6","0","35.0","37","19","5","27","16","1.51","6.82","4.09","4.90","0.2","5088"
"Nick Christiani","0","0","4.79","0","7","0","7.0","7","4","1","5","3","1.49","6.15","3.91","4.92","-0.1","10332"
"Colby Lewis","3","4","4.67","10","10","0","61.0","65","32","11","45","18","1.36","6.72","2.64","4.92","0.3","1259"
"Alex Colome","0","0","4.93","1","1","0","6.0","6","4","1","5","3","1.51","6.77","4.58","4.94","0.0","6661"
"Bruce Chen","2","2","4.34","6","6","0","36.0","37","17","6","24","11","1.35","5.93","2.74","4.94","0.1","769"
"Anthony Ranaudo","2","3","5.04","7","7","0","38.0","40","21","5","27","18","1.52","6.42","4.26","4.94","0.0","sa390649"
"Eddie Butler","0","0","5.28","1","1","0","6.0","7","4","1","4","3","1.54","6.04","3.93","4.96","0.0","13453"
"Allen Webster","3","3","4.95","8","8","0","48.0","50","26","6","36","23","1.51","6.68","4.29","4.97","0.1","3993"
"Casey Coleman","0","1","5.11","1","1","0","7.0","7","4","1","4","3","1.55","6.18","4.51","4.98","0.0","8270"
"Miguel Gonzalez","3","4","4.71","10","10","0","59.0","62","31","10","43","20","1.40","6.53","3.12","4.99","0.2","7024"
"Felipe Paulino","1","1","5.18","2","2","0","13.0","13","7","2","9","6","1.53","6.78","4.42","5.04","0.0","3777"
"Scott Carroll","2","3","5.26","7","7","0","41.0","46","24","5","22","16","1.54","4.76","3.63","5.07","0.1","888"
"Dylan Bundy","0","0","5.07","1","1","0","7.0","7","4","1","5","3","1.49","6.51","3.99","5.08","0.0","12917"
"Jose Ortega","0","0","5.04","0","5","0","5.0","5","3","1","4","3","1.60","6.78","5.42","5.14","0.0","9651"
"Hector Noesi","2","4","5.09","8","8","0","47.0","50","27","8","32","18","1.46","6.20","3.50","5.15","0.0","3292"
"Tyler Matzek","3","4","5.43","9","9","0","58.0","61","35","7","42","34","1.66","6.61","5.34","5.18","0.2","10058"
"Paul Clemens","1","1","5.10","1","6","0","11.0","12","6","2","7","4","1.48","6.01","3.55","5.19","-0.1","8037"
"David Holmberg","1","1","5.12","3","3","0","16.0","17","9","2","10","7","1.50","5.77","3.76","5.20","-0.1","7725"
"Robbie Ray","1","1","5.11","3","3","0","17.0","18","10","2","11","9","1.55","6.12","4.62","5.21","0.0","11486"
"Scott Baker","2","2","4.84","4","14","0","32.0","36","17","6","22","9","1.39","5.99","2.57","5.25","-0.1","6176"
"Drew VerHagen","1","1","5.48","2","2","0","10.0","12","6","2","5","4","1.51","4.42","3.28","5.40","0.0","13424"
"Raul Fernandez","0","0","5.26","0","3","0","3.0","4","2","0","2","2","1.58","5.66","4.42","5.41","-0.1","sa506313"
"Erik Johnson","1","2","5.55","4","4","0","25.0","27","15","4","16","13","1.59","5.59","4.54","5.47","0.0","12520"
"Frank De Los Santos","0","0","5.38","0","7","0","7.0","7","4","1","3","3","1.59","4.50","4.07","5.58","-0.1","sa393084"
"Aaron Brooks","0","1","5.79","2","2","0","10.0","11","6","1","4","4","1.62","3.62","3.91","5.73","-0.1","sa658663"
"Chris Young","3","4","5.23","9","12","0","54.0","59","32","12","35","19","1.43","5.77","3.11","5.84","-0.6","3196"
"Nick Martinez","2","3","5.76","7","7","0","38.0","44","25","7","22","18","1.63","5.15","4.21","6.00","-0.2","12730"
